iter,timestamp,algorithm_desc,case,problem,algorithm,max_L1,max_UB,max_L0A_count,max_L0B_count,max_L0C_count,spills,extra,time,schedule_len,valid,violations
000,baseline,baseline01,Conv_Case0,1,baseline01,7488,0,0,1,0,0,0,359570,2580,True,0
000,baseline,baseline01,Conv_Case0,2,baseline01,7488,0,0,1,0,141,73500,535312,2862,True,0
000,baseline,baseline01,Conv_Case0,3,baseline01,7488,0,0,1,0,141,73500,535312,2862,True,0
000,baseline,baseline01,Conv_Case1,1,baseline01,14040,0,0,1,0,0,0,573395,36086,True,0
000,baseline,baseline01,Conv_Case1,2,baseline01,14040,0,0,1,0,1828,73240,1150333,39742,True,0
000,baseline,baseline01,Conv_Case1,3,baseline01,14040,0,0,1,0,1290,86690,1073322,38666,True,0
000,baseline,baseline01,FlashAttention_Case0,1,baseline01,3328,1428,1,1,1,0,0,31429,1716,True,0
000,baseline,baseline01,FlashAttention_Case0,2,baseline01,3328,1428,1,1,1,41,3692,53374,1798,True,0
000,baseline,baseline01,FlashAttention_Case0,3,baseline01,3328,1428,1,1,1,24,4128,46761,1764,True,0
000,baseline,baseline01,FlashAttention_Case1,1,baseline01,5376,2468,1,1,1,0,0,113445,6952,True,0
000,baseline,baseline01,FlashAttention_Case1,2,baseline01,5376,2468,1,1,1,146,32840,193059,7244,True,0
000,baseline,baseline01,FlashAttention_Case1,3,baseline01,5376,2468,1,1,1,146,32840,193059,7244,True,0
000,baseline,baseline01,Matmul_Case0,1,baseline01,9216,0,1,1,1,0,0,82773,4160,True,0
000,baseline,baseline01,Matmul_Case0,2,baseline01,9216,0,1,1,1,273,34944,194331,4706,True,0
000,baseline,baseline01,Matmul_Case0,3,baseline01,9216,0,1,1,1,273,34944,194331,4706,True,0
000,baseline,baseline01,Matmul_Case1,1,baseline01,34816,0,1,1,1,0,0,583525,30976,True,0
000,baseline,baseline01,Matmul_Case1,2,baseline01,34816,0,1,1,1,3600,460800,1800218,38176,True,0
000,baseline,baseline01,Matmul_Case1,3,baseline01,34816,0,1,1,1,3600,460800,1800218,38176,True,0
001,2026-06-08T05:51:18.683499+00:00,p1_seed_toposort,Conv_Case0,1,autoresearch,133031,0,0,300,0,0,0,359570,2580,True,0
001,2026-06-08T05:51:18.683499+00:00,p1_seed_toposort,FlashAttention_Case0,1,autoresearch,10240,25352,64,64,48,0,0,31429,1716,True,0
001,2026-06-08T05:51:18.683499+00:00,p1_seed_toposort,Matmul_Case0,1,autoresearch,16384,0,512,512,64,0,0,82773,4160,True,0
002,2026-06-08T06:03:27.001428+00:00,memory_aware_list,Conv_Case0,1,autoresearch,82106,0,0,290,0,0,0,446847,2580,True,0
002,2026-06-08T06:03:27.001428+00:00,memory_aware_list,FlashAttention_Case0,1,autoresearch,512,6688,64,64,48,0,0,34278,1716,True,0
002,2026-06-08T06:03:27.001428+00:00,memory_aware_list,Matmul_Case0,1,autoresearch,512,0,445,445,64,0,0,82308,4160,True,0
003,2026-06-08T06:04:01.018328+00:00,memory_aware_list_full,Conv_Case0,1,autoresearch,82106,0,0,290,0,0,0,446847,2580,True,0
003,2026-06-08T06:04:01.018328+00:00,memory_aware_list_full,Conv_Case1,1,autoresearch,290554,0,0,5264,0,0,0,666918,36086,True,0
003,2026-06-08T06:04:01.018328+00:00,memory_aware_list_full,FlashAttention_Case0,1,autoresearch,512,6688,64,64,48,0,0,34278,1716,True,0
003,2026-06-08T06:04:01.018328+00:00,memory_aware_list_full,FlashAttention_Case1,1,autoresearch,2560,26432,240,239,188,0,0,135408,6952,True,0
003,2026-06-08T06:04:01.018328+00:00,memory_aware_list_full,Matmul_Case0,1,autoresearch,512,0,445,445,64,0,0,82308,4160,True,0
003,2026-06-08T06:04:01.018328+00:00,memory_aware_list_full,Matmul_Case1,1,autoresearch,4864,0,3803,3803,256,0,0,628297,30976,True,0
004,2026-06-08T08:44:21.972840+00:00,release_unlock_ops,Conv_Case0,1,autoresearch,82106,0,0,290,0,0,0,446847,2580,True,0
004,2026-06-08T08:44:21.972840+00:00,release_unlock_ops,FlashAttention_Case0,1,autoresearch,512,6688,64,64,48,0,0,34278,1716,True,0
004,2026-06-08T08:44:21.972840+00:00,release_unlock_ops,Matmul_Case0,1,autoresearch,512,0,445,445,64,0,0,82308,4160,True,0
005,2026-06-08T08:45:59.829181+00:00,alloc_successor_readiness,Conv_Case0,1,autoresearch,16132,0,0,290,0,0,0,445495,2580,True,0
005,2026-06-08T08:45:59.829181+00:00,alloc_successor_readiness,FlashAttention_Case0,1,autoresearch,256,8258,24,32,14,0,0,33231,1716,True,0
005,2026-06-08T08:45:59.829181+00:00,alloc_successor_readiness,Matmul_Case0,1,autoresearch,512,0,57,445,8,0,0,82308,4160,True,0
007,2026-06-08T08:54:58.825270+00:00,alloc_successor_heap,Conv_Case0,1,autoresearch,16132,0,0,290,0,0,0,445495,2580,True,0
007,2026-06-08T08:54:58.825270+00:00,alloc_successor_heap,FlashAttention_Case0,1,autoresearch,256,8258,24,32,4,0,0,31063,1716,True,0
007,2026-06-08T08:54:58.825270+00:00,alloc_successor_heap,Matmul_Case0,1,autoresearch,128,0,57,448,8,0,0,82308,4160,True,0
008,2026-06-08T08:55:55.831735+00:00,alloc_successor_heap_full,Conv_Case0,1,autoresearch,16132,0,0,290,0,0,0,445495,2580,True,0
008,2026-06-08T08:55:55.831735+00:00,alloc_successor_heap_full,Conv_Case1,1,autoresearch,14746,0,0,5264,0,0,0,666766,36086,True,0
008,2026-06-08T08:55:55.831735+00:00,alloc_successor_heap_full,FlashAttention_Case0,1,autoresearch,256,8258,24,32,4,0,0,31063,1716,True,0
008,2026-06-08T08:55:55.831735+00:00,alloc_successor_heap_full,FlashAttention_Case1,1,autoresearch,256,33010,112,128,8,0,0,112458,6952,True,0
008,2026-06-08T08:55:55.831735+00:00,alloc_successor_heap_full,Matmul_Case0,1,autoresearch,128,0,57,448,8,0,0,82308,4160,True,0
008,2026-06-08T08:55:55.831735+00:00,alloc_successor_heap_full,Matmul_Case1,1,autoresearch,128,0,241,3840,16,0,0,629076,30976,True,0
009,2026-06-08T08:58:25.296733+00:00,buf_id_waiter_fix,Conv_Case0,1,autoresearch,16132,0,0,290,0,0,0,445495,2580,True,0
009,2026-06-08T08:58:25.296733+00:00,buf_id_waiter_fix,FlashAttention_Case0,1,autoresearch,256,8258,24,32,4,0,0,31063,1716,True,0
009,2026-06-08T08:58:25.296733+00:00,buf_id_waiter_fix,Matmul_Case0,1,autoresearch,128,0,57,448,8,0,0,82308,4160,True,0
010,2026-06-08T08:58:44.041645+00:00,buf_id_waiter_fix_full,Conv_Case0,1,autoresearch,16132,0,0,290,0,0,0,445495,2580,True,0
010,2026-06-08T08:58:44.041645+00:00,buf_id_waiter_fix_full,Conv_Case1,1,autoresearch,13786,0,0,5264,0,0,0,650044,36086,True,0
010,2026-06-08T08:58:44.041645+00:00,buf_id_waiter_fix_full,FlashAttention_Case0,1,autoresearch,256,8258,24,32,4,0,0,31063,1716,True,0
010,2026-06-08T08:58:44.041645+00:00,buf_id_waiter_fix_full,FlashAttention_Case1,1,autoresearch,256,33010,112,128,8,0,0,112458,6952,True,0
010,2026-06-08T08:58:44.041645+00:00,buf_id_waiter_fix_full,Matmul_Case0,1,autoresearch,128,0,57,448,8,0,0,82308,4160,True,0
010,2026-06-08T08:58:44.041645+00:00,buf_id_waiter_fix_full,Matmul_Case1,1,autoresearch,128,0,241,3840,16,0,0,629076,30976,True,0
011,2026-06-08T09:02:26.297745+00:00,alloc_id_tiebreak,Conv_Case0,1,autoresearch,14980,0,0,136,0,0,0,382915,2580,True,0
011,2026-06-08T09:02:26.297745+00:00,alloc_id_tiebreak,FlashAttention_Case0,1,autoresearch,3328,8210,1,1,2,0,0,37838,1716,True,0
011,2026-06-08T09:02:26.297745+00:00,alloc_id_tiebreak,Matmul_Case0,1,autoresearch,9216,0,1,1,1,0,0,82773,4160,True,0
012,2026-06-08T09:03:53.186330+00:00,conv_memtype_id_tiebreak,Conv_Case0,1,autoresearch,14980,0,0,136,0,0,0,382915,2580,True,0
012,2026-06-08T09:03:53.186330+00:00,conv_memtype_id_tiebreak,FlashAttention_Case0,1,autoresearch,256,8258,24,32,4,0,0,31063,1716,True,0
012,2026-06-08T09:03:53.186330+00:00,conv_memtype_id_tiebreak,Matmul_Case0,1,autoresearch,128,0,57,448,8,0,0,82308,4160,True,0
013,2026-06-08T09:04:14.920522+00:00,conv_memtype_id_tiebreak_full,Conv_Case0,1,autoresearch,14980,0,0,136,0,0,0,382915,2580,True,0
013,2026-06-08T09:04:14.920522+00:00,conv_memtype_id_tiebreak_full,Conv_Case1,1,autoresearch,14040,0,0,1,0,0,0,573395,36086,True,0
013,2026-06-08T09:04:14.920522+00:00,conv_memtype_id_tiebreak_full,FlashAttention_Case0,1,autoresearch,256,8258,24,32,4,0,0,31063,1716,True,0
013,2026-06-08T09:04:14.920522+00:00,conv_memtype_id_tiebreak_full,FlashAttention_Case1,1,autoresearch,256,33010,112,128,8,0,0,112458,6952,True,0
013,2026-06-08T09:04:14.920522+00:00,conv_memtype_id_tiebreak_full,Matmul_Case0,1,autoresearch,128,0,57,448,8,0,0,82308,4160,True,0
013,2026-06-08T09:04:14.920522+00:00,conv_memtype_id_tiebreak_full,Matmul_Case1,1,autoresearch,128,0,241,3840,16,0,0,629076,30976,True,0
014,2026-06-08T09:06:05.038164+00:00,d2s_conv_id_tiebreak,Conv_Case0,1,autoresearch,14980,0,0,136,0,0,0,382915,2580,True,0
014,2026-06-08T09:06:05.038164+00:00,d2s_conv_id_tiebreak,FlashAttention_Case0,1,autoresearch,256,8258,24,32,4,0,0,31063,1716,True,0
014,2026-06-08T09:06:05.038164+00:00,d2s_conv_id_tiebreak,Matmul_Case0,1,autoresearch,128,0,57,448,8,0,0,82308,4160,True,0
015,2026-06-08T09:06:23.640599+00:00,d2s_conv_id_tiebreak_full,Conv_Case0,1,autoresearch,14980,0,0,136,0,0,0,382915,2580,True,0
015,2026-06-08T09:06:23.640599+00:00,d2s_conv_id_tiebreak_full,Conv_Case1,1,autoresearch,13786,0,0,5264,0,0,0,650044,36086,True,0
015,2026-06-08T09:06:23.640599+00:00,d2s_conv_id_tiebreak_full,FlashAttention_Case0,1,autoresearch,256,8258,24,32,4,0,0,31063,1716,True,0
015,2026-06-08T09:06:23.640599+00:00,d2s_conv_id_tiebreak_full,FlashAttention_Case1,1,autoresearch,256,33010,112,128,8,0,0,112458,6952,True,0
015,2026-06-08T09:06:23.640599+00:00,d2s_conv_id_tiebreak_full,Matmul_Case0,1,autoresearch,128,0,57,448,8,0,0,82308,4160,True,0
015,2026-06-08T09:06:23.640599+00:00,d2s_conv_id_tiebreak_full,Matmul_Case1,1,autoresearch,128,0,241,3840,16,0,0,629076,30976,True,0
016,2026-06-08T09:54:45.569458+00:00,d2s_large_l1_delay,Conv_Case0,1,autoresearch,14980,0,0,286,0,0,0,382915,2580,True,0
016,2026-06-08T09:54:45.569458+00:00,d2s_large_l1_delay,FlashAttention_Case0,1,autoresearch,256,8258,24,32,4,0,0,31063,1716,True,0
016,2026-06-08T09:54:45.569458+00:00,d2s_large_l1_delay,Matmul_Case0,1,autoresearch,128,0,57,448,8,0,0,82308,4160,True,0
017,2026-06-08T09:56:06.797798+00:00,d2s_large_live_op_priority,Conv_Case0,1,autoresearch,14980,0,0,136,0,0,0,382915,2580,True,0
017,2026-06-08T09:56:06.797798+00:00,d2s_large_live_op_priority,FlashAttention_Case0,1,autoresearch,256,8258,24,32,4,0,0,31063,1716,True,0
017,2026-06-08T09:56:06.797798+00:00,d2s_large_live_op_priority,Matmul_Case0,1,autoresearch,128,0,57,448,8,0,0,82308,4160,True,0
018,2026-06-08T09:57:21.186567+00:00,d2s_multiuse_l1_delay,Conv_Case0,1,autoresearch,14980,0,0,290,0,0,0,445495,2580,True,0
018,2026-06-08T09:57:21.186567+00:00,d2s_multiuse_l1_delay,FlashAttention_Case0,1,autoresearch,256,8258,24,32,4,0,0,31063,1716,True,0
018,2026-06-08T09:57:21.186567+00:00,d2s_multiuse_l1_delay,Matmul_Case0,1,autoresearch,128,0,57,448,8,0,0,82308,4160,True,0
019,2026-06-08T09:58:33.322544+00:00,d2s_alloc_first,Conv_Case0,1,autoresearch,12194,0,0,1,0,0,0,361481,2580,True,0
019,2026-06-08T09:58:33.322544+00:00,d2s_alloc_first,FlashAttention_Case0,1,autoresearch,256,8258,24,32,4,0,0,31063,1716,True,0
019,2026-06-08T09:58:33.322544+00:00,d2s_alloc_first,Matmul_Case0,1,autoresearch,128,0,57,448,8,0,0,82308,4160,True,0
020,2026-06-08T09:59:12.191547+00:00,d2s_alloc_first_full,Conv_Case0,1,autoresearch,12194,0,0,1,0,0,0,361481,2580,True,0
020,2026-06-08T09:59:12.191547+00:00,d2s_alloc_first_full,Conv_Case1,1,autoresearch,13786,0,0,5264,0,0,0,650044,36086,True,0
020,2026-06-08T09:59:12.191547+00:00,d2s_alloc_first_full,FlashAttention_Case0,1,autoresearch,256,8258,24,32,4,0,0,31063,1716,True,0
020,2026-06-08T09:59:12.191547+00:00,d2s_alloc_first_full,FlashAttention_Case1,1,autoresearch,256,33010,112,128,8,0,0,112458,6952,True,0
020,2026-06-08T09:59:12.191547+00:00,d2s_alloc_first_full,Matmul_Case0,1,autoresearch,128,0,57,448,8,0,0,82308,4160,True,0
020,2026-06-08T09:59:12.191547+00:00,d2s_alloc_first_full,Matmul_Case1,1,autoresearch,128,0,241,3840,16,0,0,629076,30976,True,0
021,2026-06-08T10:00:59.434736+00:00,d2s_ready_alloc_first,Conv_Case0,1,autoresearch,7488,0,0,1,0,0,0,361481,2580,True,0
021,2026-06-08T10:00:59.434736+00:00,d2s_ready_alloc_first,FlashAttention_Case0,1,autoresearch,256,8258,24,32,4,0,0,31063,1716,True,0
021,2026-06-08T10:00:59.434736+00:00,d2s_ready_alloc_first,Matmul_Case0,1,autoresearch,128,0,57,448,8,0,0,82308,4160,True,0
022,2026-06-08T10:01:35.974566+00:00,d2s_ready_alloc_first_full,Conv_Case0,1,autoresearch,7488,0,0,1,0,0,0,361481,2580,True,0
022,2026-06-08T10:01:35.974566+00:00,d2s_ready_alloc_first_full,Conv_Case1,1,autoresearch,13786,0,0,5264,0,0,0,650044,36086,True,0
022,2026-06-08T10:01:35.974566+00:00,d2s_ready_alloc_first_full,FlashAttention_Case0,1,autoresearch,256,8258,24,32,4,0,0,31063,1716,True,0
022,2026-06-08T10:01:35.974566+00:00,d2s_ready_alloc_first_full,FlashAttention_Case1,1,autoresearch,256,33010,112,128,8,0,0,112458,6952,True,0
022,2026-06-08T10:01:35.974566+00:00,d2s_ready_alloc_first_full,Matmul_Case0,1,autoresearch,128,0,57,448,8,0,0,82308,4160,True,0
022,2026-06-08T10:01:35.974566+00:00,d2s_ready_alloc_first_full,Matmul_Case1,1,autoresearch,128,0,241,3840,16,0,0,629076,30976,True,0
023,2026-06-08T10:02:43.815596+00:00,d2s_ready1_alloc_first,Conv_Case0,1,autoresearch,14980,0,0,136,0,0,0,382915,2580,True,0
023,2026-06-08T10:02:43.815596+00:00,d2s_ready1_alloc_first,FlashAttention_Case0,1,autoresearch,256,8258,24,32,4,0,0,31063,1716,True,0
023,2026-06-08T10:02:43.815596+00:00,d2s_ready1_alloc_first,Matmul_Case0,1,autoresearch,128,0,57,448,8,0,0,82308,4160,True,0
024,2026-06-08T10:03:36.496777+00:00,d2s_ready3_alloc_first,Conv_Case0,1,autoresearch,10180,0,0,1,0,0,0,361481,2580,True,0
024,2026-06-08T10:03:36.496777+00:00,d2s_ready3_alloc_first,FlashAttention_Case0,1,autoresearch,256,8258,24,32,4,0,0,31063,1716,True,0
024,2026-06-08T10:03:36.496777+00:00,d2s_ready3_alloc_first,Matmul_Case0,1,autoresearch,128,0,57,448,8,0,0,82308,4160,True,0
026,2026-06-08T10:05:43.993983+00:00,d2s_effective_successor_wait,Conv_Case0,1,autoresearch,7488,0,0,1,0,0,0,361481,2580,True,0
026,2026-06-08T10:05:43.993983+00:00,d2s_effective_successor_wait,FlashAttention_Case0,1,autoresearch,256,2864,24,32,4,0,0,34074,1716,True,0
026,2026-06-08T10:05:43.993983+00:00,d2s_effective_successor_wait,Matmul_Case0,1,autoresearch,128,0,57,448,8,0,0,82308,4160,True,0
027,2026-06-08T10:07:26.215034+00:00,d2s_effective_wait_refresh,Conv_Case0,1,autoresearch,7488,0,0,1,0,0,0,361481,2580,True,0
027,2026-06-08T10:07:26.215034+00:00,d2s_effective_wait_refresh,FlashAttention_Case0,1,autoresearch,256,8258,24,32,4,0,0,31063,1716,True,0
027,2026-06-08T10:07:26.215034+00:00,d2s_effective_wait_refresh,Matmul_Case0,1,autoresearch,128,0,57,448,8,0,0,82308,4160,True,0
028,2026-06-08T10:10:11.942578+00:00,d2s_move_before_d2s,Conv_Case0,1,autoresearch,7488,0,0,1,0,0,0,361481,2580,True,0
028,2026-06-08T10:10:11.942578+00:00,d2s_move_before_d2s,FlashAttention_Case0,1,autoresearch,256,8258,24,32,4,0,0,31063,1716,True,0
028,2026-06-08T10:10:11.942578+00:00,d2s_move_before_d2s,Matmul_Case0,1,autoresearch,128,0,57,448,8,0,0,82308,4160,True,0
029,2026-06-08T10:11:52.062970+00:00,d2s_pipe_ready_ops,Conv_Case0,1,autoresearch,7488,0,0,1,0,0,0,361481,2580,True,0
029,2026-06-08T10:11:52.062970+00:00,d2s_pipe_ready_ops,FlashAttention_Case0,1,autoresearch,256,8258,24,32,4,0,0,31063,1716,True,0
029,2026-06-08T10:11:52.062970+00:00,d2s_pipe_ready_ops,Matmul_Case0,1,autoresearch,128,0,57,448,8,0,0,82308,4160,True,0
030,2026-06-08T10:13:28.437325+00:00,d2s_transfer_feed_alloc_first,Conv_Case0,1,autoresearch,6912,0,0,300,0,0,0,394430,2580,True,0
030,2026-06-08T10:13:28.437325+00:00,d2s_transfer_feed_alloc_first,FlashAttention_Case0,1,autoresearch,256,8258,24,32,4,0,0,31063,1716,True,0
030,2026-06-08T10:13:28.437325+00:00,d2s_transfer_feed_alloc_first,Matmul_Case0,1,autoresearch,128,0,57,448,8,0,0,82308,4160,True,0
031,2026-06-08T10:13:56.261327+00:00,d2s_transfer_feed_alloc_first_full,Conv_Case0,1,autoresearch,6912,0,0,300,0,0,0,394430,2580,True,0
031,2026-06-08T10:13:56.261327+00:00,d2s_transfer_feed_alloc_first_full,Conv_Case1,1,autoresearch,13786,0,0,5264,0,0,0,650044,36086,True,0
031,2026-06-08T10:13:56.261327+00:00,d2s_transfer_feed_alloc_first_full,FlashAttention_Case0,1,autoresearch,256,8258,24,32,4,0,0,31063,1716,True,0
031,2026-06-08T10:13:56.261327+00:00,d2s_transfer_feed_alloc_first_full,FlashAttention_Case1,1,autoresearch,256,33010,112,128,8,0,0,112458,6952,True,0
031,2026-06-08T10:13:56.261327+00:00,d2s_transfer_feed_alloc_first_full,Matmul_Case0,1,autoresearch,128,0,57,448,8,0,0,82308,4160,True,0
031,2026-06-08T10:13:56.261327+00:00,d2s_transfer_feed_alloc_first_full,Matmul_Case1,1,autoresearch,128,0,241,3840,16,0,0,629076,30976,True,0
032,2026-06-08T10:15:39.679098+00:00,d2s_copyin_feed_alloc_first,Conv_Case0,1,autoresearch,39010,0,0,1,0,0,0,361481,2580,True,0
032,2026-06-08T10:15:39.679098+00:00,d2s_copyin_feed_alloc_first,FlashAttention_Case0,1,autoresearch,256,8258,24,32,4,0,0,31063,1716,True,0
032,2026-06-08T10:15:39.679098+00:00,d2s_copyin_feed_alloc_first,Matmul_Case0,1,autoresearch,128,0,57,448,8,0,0,82308,4160,True,0
033,2026-06-11T02:31:06.557547+00:00,unified_p123,Conv_Case0,1,autoresearch,6912,0,0,300,0,0,0,394430,2580,True,0
033,2026-06-11T02:31:06.557547+00:00,unified_p123,Conv_Case0,2,autoresearch,7488,0,0,1,0,136,78876,551973,2852,True,0
033,2026-06-11T02:31:06.557547+00:00,unified_p123,Conv_Case0,3,autoresearch,7488,0,0,1,0,136,78876,551973,2852,True,0
033,2026-06-11T02:31:06.557547+00:00,unified_p123,FlashAttention_Case0,1,autoresearch,256,8258,24,32,4,0,0,31063,1716,True,0
033,2026-06-11T02:31:06.557547+00:00,unified_p123,FlashAttention_Case0,2,autoresearch,256,8258,24,32,4,206,47756,163369,2128,True,0
033,2026-06-11T02:31:06.557547+00:00,unified_p123,FlashAttention_Case0,3,autoresearch,256,8258,24,32,4,206,47756,163369,2128,True,0
033,2026-06-11T02:31:06.557547+00:00,unified_p123,Matmul_Case0,1,autoresearch,128,0,57,448,8,0,0,82308,4160,True,0
033,2026-06-11T02:31:06.557547+00:00,unified_p123,Matmul_Case0,2,autoresearch,16384,0,1,1,1,370,47360,237565,4900,True,0
033,2026-06-11T02:31:06.557547+00:00,unified_p123,Matmul_Case0,3,autoresearch,16384,0,1,1,1,370,47360,237565,4900,True,0
034,2026-06-11T02:32:50.173964+00:00,capfit_p123,Conv_Case0,1,autoresearch,6912,0,0,300,0,0,0,394430,2580,True,0
034,2026-06-11T02:33:55.608441+00:00,capfit_p123,Conv_Case0,1,autoresearch,6912,0,0,300,0,0,0,394430,2580,True,0
034,2026-06-11T02:33:55.608441+00:00,capfit_p123,Conv_Case0,2,autoresearch,16132,0,0,290,0,379,147412,763783,3338,True,0
034,2026-06-11T02:33:55.608441+00:00,capfit_p123,Conv_Case0,3,autoresearch,16132,0,0,290,0,379,147412,763783,3338,True,0
034,2026-06-11T02:33:55.608441+00:00,capfit_p123,FlashAttention_Case0,1,autoresearch,256,8258,24,32,4,0,0,31063,1716,True,0
034,2026-06-11T02:33:55.608441+00:00,capfit_p123,FlashAttention_Case0,2,autoresearch,256,8258,24,32,4,215,48548,168286,2146,True,0
034,2026-06-11T02:33:55.608441+00:00,capfit_p123,FlashAttention_Case0,3,autoresearch,256,8258,24,32,4,215,48548,168286,2146,True,0
034,2026-06-11T02:33:55.608441+00:00,capfit_p123,Matmul_Case0,1,autoresearch,128,0,57,448,8,0,0,82308,4160,True,0
034,2026-06-11T02:33:55.608441+00:00,capfit_p123,Matmul_Case0,2,autoresearch,16384,0,2,3,2,359,46080,245464,4878,True,0
034,2026-06-11T02:33:55.608441+00:00,capfit_p123,Matmul_Case0,3,autoresearch,16384,0,2,3,2,359,46080,245464,4878,True,0
034,2026-06-11T02:38:03.540935+00:00,capfit_p123,Conv_Case0,1,autoresearch,6912,0,0,300,0,0,0,394430,2580,True,0
034,2026-06-11T02:38:03.540935+00:00,capfit_p123,Conv_Case0,2,autoresearch,6912,0,0,300,0,339,88044,615694,3258,True,0
034,2026-06-11T02:38:03.540935+00:00,capfit_p123,Conv_Case0,3,autoresearch,6912,0,0,300,0,339,88044,615694,3258,True,0
034,2026-06-11T02:38:03.540935+00:00,capfit_p123,FlashAttention_Case0,1,autoresearch,256,8258,24,32,4,0,0,31063,1716,True,0
034,2026-06-11T02:38:03.540935+00:00,capfit_p123,FlashAttention_Case0,2,autoresearch,4096,1510,2,2,2,40,4444,53393,1796,True,0
034,2026-06-11T02:38:03.540935+00:00,capfit_p123,FlashAttention_Case0,3,autoresearch,4096,1510,2,2,2,40,4444,53393,1796,True,0
034,2026-06-11T02:38:03.540935+00:00,capfit_p123,Matmul_Case0,1,autoresearch,128,0,57,448,8,0,0,82308,4160,True,0
034,2026-06-11T02:38:03.540935+00:00,capfit_p123,Matmul_Case0,2,autoresearch,9216,0,2,2,2,271,34688,192380,4702,True,0
034,2026-06-11T02:38:03.540935+00:00,capfit_p123,Matmul_Case0,3,autoresearch,9216,0,2,2,2,271,34688,192380,4702,True,0
034,2026-06-11T02:45:19.890304+00:00,capfit_p123,Conv_Case0,1,autoresearch,6912,0,0,300,0,0,0,394430,2580,True,0
034,2026-06-11T02:45:19.890304+00:00,capfit_p123,Conv_Case0,2,autoresearch,6912,0,0,300,0,339,88044,615694,3258,True,0
034,2026-06-11T02:45:19.890304+00:00,capfit_p123,Conv_Case0,3,autoresearch,6912,0,0,300,0,339,88044,615694,3258,True,0
034,2026-06-11T02:45:19.890304+00:00,capfit_p123,Conv_Case1,1,autoresearch,13786,0,0,5264,0,0,0,650044,36086,True,0
034,2026-06-11T02:45:19.890304+00:00,capfit_p123,Conv_Case1,2,autoresearch,14040,0,0,33,0,2237,78056,1229560,40560,True,0
034,2026-06-11T02:45:19.890304+00:00,capfit_p123,Conv_Case1,3,autoresearch,14040,0,0,33,0,2237,78056,1229560,40560,True,0
034,2026-06-11T02:45:19.890304+00:00,capfit_p123,FlashAttention_Case0,1,autoresearch,256,8258,24,32,4,0,0,31063,1716,True,0
034,2026-06-11T02:45:19.890304+00:00,capfit_p123,FlashAttention_Case0,2,autoresearch,4096,1510,2,2,2,40,4444,53393,1796,True,0
034,2026-06-11T02:45:19.890304+00:00,capfit_p123,FlashAttention_Case0,3,autoresearch,4096,1510,2,2,2,40,4444,53393,1796,True,0
034,2026-06-11T02:45:19.890304+00:00,capfit_p123,FlashAttention_Case1,1,autoresearch,256,33010,112,128,8,0,0,112458,6952,True,0
034,2026-06-11T02:45:19.890304+00:00,capfit_p123,FlashAttention_Case1,2,autoresearch,5376,2468,2,2,2,229,32920,222094,7410,True,0
034,2026-06-11T02:45:19.890304+00:00,capfit_p123,FlashAttention_Case1,3,autoresearch,5376,2468,2,2,2,229,32920,222094,7410,True,0
034,2026-06-11T02:45:19.890304+00:00,capfit_p123,Matmul_Case0,1,autoresearch,128,0,57,448,8,0,0,82308,4160,True,0
034,2026-06-11T02:45:19.890304+00:00,capfit_p123,Matmul_Case0,2,autoresearch,9216,0,2,2,2,271,34688,192380,4702,True,0
034,2026-06-11T02:45:19.890304+00:00,capfit_p123,Matmul_Case0,3,autoresearch,9216,0,2,2,2,271,34688,192380,4702,True,0
034,2026-06-11T02:45:19.890304+00:00,capfit_p123,Matmul_Case1,1,autoresearch,128,0,241,3840,16,0,0,629076,30976,True,0
034,2026-06-11T02:45:19.890304+00:00,capfit_p123,Matmul_Case1,2,autoresearch,34816,0,2,2,2,3600,460800,1816772,38176,True,0
034,2026-06-11T02:45:19.890304+00:00,capfit_p123,Matmul_Case1,3,autoresearch,34816,0,2,2,2,3600,460800,1816772,38176,True,0
035,2026-06-11T03:00:27.837755+00:00,p3_time_select,Conv_Case0,1,autoresearch,6912,0,0,300,0,0,0,394430,2580,True,0
035,2026-06-11T03:00:27.837755+00:00,p3_time_select,Conv_Case0,2,autoresearch,6912,0,0,300,0,339,88044,615694,3258,True,0
035,2026-06-11T03:00:27.837755+00:00,p3_time_select,Conv_Case0,3,autoresearch,6912,0,0,300,0,342,92652,553280,3264,True,0
035,2026-06-11T03:00:27.837755+00:00,p3_time_select,FlashAttention_Case0,1,autoresearch,256,8258,24,32,4,0,0,31063,1716,True,0
035,2026-06-11T03:00:27.837755+00:00,p3_time_select,FlashAttention_Case0,2,autoresearch,4096,1510,2,2,2,40,4444,53393,1796,True,0
035,2026-06-11T03:00:27.837755+00:00,p3_time_select,FlashAttention_Case0,3,autoresearch,4096,1510,2,2,2,41,4700,47608,1798,True,0
035,2026-06-11T03:00:27.837755+00:00,p3_time_select,Matmul_Case0,1,autoresearch,128,0,57,448,8,0,0,82308,4160,True,0
035,2026-06-11T03:00:27.837755+00:00,p3_time_select,Matmul_Case0,2,autoresearch,9216,0,2,2,2,271,34688,192380,4702,True,0
035,2026-06-11T03:00:27.837755+00:00,p3_time_select,Matmul_Case0,3,autoresearch,9216,0,2,2,2,271,34688,192380,4702,True,0
035,2026-06-11T03:00:56.261111+00:00,p3_time_select,Conv_Case0,1,autoresearch,6912,0,0,300,0,0,0,394430,2580,True,0
035,2026-06-11T03:00:56.261111+00:00,p3_time_select,Conv_Case0,2,autoresearch,6912,0,0,300,0,339,88044,615694,3258,True,0
035,2026-06-11T03:00:56.261111+00:00,p3_time_select,Conv_Case0,3,autoresearch,6912,0,0,300,0,342,92652,553280,3264,True,0
035,2026-06-11T03:00:56.261111+00:00,p3_time_select,Conv_Case1,1,autoresearch,13786,0,0,5264,0,0,0,650044,36086,True,0
035,2026-06-11T03:00:56.261111+00:00,p3_time_select,Conv_Case1,2,autoresearch,14040,0,0,33,0,2237,78056,1229560,40560,True,0
035,2026-06-11T03:00:56.261111+00:00,p3_time_select,Conv_Case1,3,autoresearch,14040,0,0,33,0,2237,78056,1229560,40560,True,0
035,2026-06-11T03:00:56.261111+00:00,p3_time_select,FlashAttention_Case0,1,autoresearch,256,8258,24,32,4,0,0,31063,1716,True,0
035,2026-06-11T03:00:56.261111+00:00,p3_time_select,FlashAttention_Case0,2,autoresearch,4096,1510,2,2,2,40,4444,53393,1796,True,0
035,2026-06-11T03:00:56.261111+00:00,p3_time_select,FlashAttention_Case0,3,autoresearch,4096,1510,2,2,2,41,4700,47608,1798,True,0
035,2026-06-11T03:00:56.261111+00:00,p3_time_select,FlashAttention_Case1,1,autoresearch,256,33010,112,128,8,0,0,112458,6952,True,0
035,2026-06-11T03:00:56.261111+00:00,p3_time_select,FlashAttention_Case1,2,autoresearch,5376,2468,2,2,2,229,32920,222094,7410,True,0
035,2026-06-11T03:00:56.261111+00:00,p3_time_select,FlashAttention_Case1,3,autoresearch,5376,2468,2,2,2,235,34456,192438,7422,True,0
035,2026-06-11T03:00:56.261111+00:00,p3_time_select,Matmul_Case0,1,autoresearch,128,0,57,448,8,0,0,82308,4160,True,0
035,2026-06-11T03:00:56.261111+00:00,p3_time_select,Matmul_Case0,2,autoresearch,9216,0,2,2,2,271,34688,192380,4702,True,0
035,2026-06-11T03:00:56.261111+00:00,p3_time_select,Matmul_Case0,3,autoresearch,9216,0,2,2,2,271,34688,192380,4702,True,0
035,2026-06-11T03:00:56.261111+00:00,p3_time_select,Matmul_Case1,1,autoresearch,128,0,241,3840,16,0,0,629076,30976,True,0
035,2026-06-11T03:00:56.261111+00:00,p3_time_select,Matmul_Case1,2,autoresearch,34816,0,2,2,2,3600,460800,1816772,38176,True,0
035,2026-06-11T03:00:56.261111+00:00,p3_time_select,Matmul_Case1,3,autoresearch,34816,0,2,2,2,3600,460800,1793377,38176,True,0
036,2026-06-11T03:04:30.749792+00:00,p2_time_bestfit,Conv_Case0,1,autoresearch,6912,0,0,300,0,0,0,394430,2580,True,0
036,2026-06-11T03:04:30.749792+00:00,p2_time_bestfit,Conv_Case0,2,autoresearch,6912,0,0,300,0,339,88044,615694,3258,True,0
036,2026-06-11T03:04:30.749792+00:00,p2_time_bestfit,Conv_Case0,3,autoresearch,6912,0,0,300,0,342,92652,553280,3264,True,0
036,2026-06-11T03:04:30.749792+00:00,p2_time_bestfit,FlashAttention_Case0,1,autoresearch,256,8258,24,32,4,0,0,31063,1716,True,0
036,2026-06-11T03:04:30.749792+00:00,p2_time_bestfit,FlashAttention_Case0,2,autoresearch,4096,1510,2,2,2,40,4444,52328,1796,True,0
036,2026-06-11T03:04:30.749792+00:00,p2_time_bestfit,FlashAttention_Case0,3,autoresearch,4096,1510,2,2,2,41,4700,47608,1798,True,0
036,2026-06-11T03:04:30.749792+00:00,p2_time_bestfit,Matmul_Case0,1,autoresearch,128,0,57,448,8,0,0,82308,4160,True,0
036,2026-06-11T03:04:30.749792+00:00,p2_time_bestfit,Matmul_Case0,2,autoresearch,9216,0,2,2,2,271,34688,192380,4702,True,0
036,2026-06-11T03:04:30.749792+00:00,p2_time_bestfit,Matmul_Case0,3,autoresearch,9216,0,2,2,2,271,34688,192380,4702,True,0
036,2026-06-11T03:04:48.374663+00:00,p2_time_bestfit,Conv_Case0,1,autoresearch,6912,0,0,300,0,0,0,394430,2580,True,0
036,2026-06-11T03:04:48.374663+00:00,p2_time_bestfit,Conv_Case0,2,autoresearch,6912,0,0,300,0,339,88044,615694,3258,True,0
036,2026-06-11T03:04:48.374663+00:00,p2_time_bestfit,Conv_Case0,3,autoresearch,6912,0,0,300,0,342,92652,553280,3264,True,0
036,2026-06-11T03:04:48.374663+00:00,p2_time_bestfit,Conv_Case1,1,autoresearch,13786,0,0,5264,0,0,0,650044,36086,True,0
036,2026-06-11T03:04:48.374663+00:00,p2_time_bestfit,Conv_Case1,2,autoresearch,14040,0,0,33,0,2426,77820,1242246,40938,True,0
036,2026-06-11T03:04:48.374663+00:00,p2_time_bestfit,Conv_Case1,3,autoresearch,14040,0,0,33,0,2237,78056,1229560,40560,True,0
036,2026-06-11T03:04:48.374663+00:00,p2_time_bestfit,FlashAttention_Case0,1,autoresearch,256,8258,24,32,4,0,0,31063,1716,True,0
036,2026-06-11T03:04:48.374663+00:00,p2_time_bestfit,FlashAttention_Case0,2,autoresearch,4096,1510,2,2,2,40,4444,52328,1796,True,0
036,2026-06-11T03:04:48.374663+00:00,p2_time_bestfit,FlashAttention_Case0,3,autoresearch,4096,1510,2,2,2,41,4700,47608,1798,True,0
036,2026-06-11T03:04:48.374663+00:00,p2_time_bestfit,FlashAttention_Case1,1,autoresearch,256,33010,112,128,8,0,0,112458,6952,True,0
036,2026-06-11T03:04:48.374663+00:00,p2_time_bestfit,FlashAttention_Case1,2,autoresearch,5376,2468,2,2,2,229,32920,214361,7410,True,0
036,2026-06-11T03:04:48.374663+00:00,p2_time_bestfit,FlashAttention_Case1,3,autoresearch,5376,2468,2,2,2,235,34456,192438,7422,True,0
036,2026-06-11T03:04:48.374663+00:00,p2_time_bestfit,Matmul_Case0,1,autoresearch,128,0,57,448,8,0,0,82308,4160,True,0
036,2026-06-11T03:04:48.374663+00:00,p2_time_bestfit,Matmul_Case0,2,autoresearch,9216,0,2,2,2,271,34688,192380,4702,True,0
036,2026-06-11T03:04:48.374663+00:00,p2_time_bestfit,Matmul_Case0,3,autoresearch,9216,0,2,2,2,271,34688,192380,4702,True,0
036,2026-06-11T03:04:48.374663+00:00,p2_time_bestfit,Matmul_Case1,1,autoresearch,128,0,241,3840,16,0,0,629076,30976,True,0
036,2026-06-11T03:04:48.374663+00:00,p2_time_bestfit,Matmul_Case1,2,autoresearch,34816,0,2,2,2,3600,460800,1793377,38176,True,0
036,2026-06-11T03:04:48.374663+00:00,p2_time_bestfit,Matmul_Case1,3,autoresearch,34816,0,2,2,2,3600,460800,1793377,38176,True,0
037,2026-06-11T04:13:42.544780+00:00,p3_prefetch_grid,Conv_Case0,1,autoresearch,6912,0,0,300,0,0,0,394430,2580,True,0
037,2026-06-11T04:13:42.544780+00:00,p3_prefetch_grid,Conv_Case0,2,autoresearch,6912,0,0,300,0,339,88044,615694,3258,True,0
037,2026-06-11T04:13:42.544780+00:00,p3_prefetch_grid,Conv_Case0,3,autoresearch,6912,0,0,300,0,342,92652,553280,3264,True,0
037,2026-06-11T04:13:42.544780+00:00,p3_prefetch_grid,Conv_Case1,1,autoresearch,13786,0,0,5264,0,0,0,650044,36086,True,0
037,2026-06-11T04:13:42.544780+00:00,p3_prefetch_grid,Conv_Case1,2,autoresearch,14040,0,0,33,0,2426,77820,1242246,40938,True,0
037,2026-06-11T04:13:42.544780+00:00,p3_prefetch_grid,Conv_Case1,3,autoresearch,14040,0,0,33,0,2237,78056,1229560,40560,True,0
037,2026-06-11T04:13:42.544780+00:00,p3_prefetch_grid,FlashAttention_Case0,1,autoresearch,256,8258,24,32,4,0,0,31063,1716,True,0
037,2026-06-11T04:13:42.544780+00:00,p3_prefetch_grid,FlashAttention_Case0,2,autoresearch,4096,1510,2,2,2,40,4444,52328,1796,True,0
037,2026-06-11T04:13:42.544780+00:00,p3_prefetch_grid,FlashAttention_Case0,3,autoresearch,4096,1510,2,2,2,58,5832,46167,1832,True,0
037,2026-06-11T04:13:42.544780+00:00,p3_prefetch_grid,FlashAttention_Case1,1,autoresearch,256,33010,112,128,8,0,0,112458,6952,True,0
037,2026-06-11T04:13:42.544780+00:00,p3_prefetch_grid,FlashAttention_Case1,2,autoresearch,5376,2468,2,2,2,229,32920,214361,7410,True,0
037,2026-06-11T04:13:42.544780+00:00,p3_prefetch_grid,FlashAttention_Case1,3,autoresearch,5376,2468,2,2,2,256,36360,184475,7464,True,0
037,2026-06-11T04:13:42.544780+00:00,p3_prefetch_grid,Matmul_Case0,1,autoresearch,128,0,57,448,8,0,0,82308,4160,True,0
037,2026-06-11T04:13:42.544780+00:00,p3_prefetch_grid,Matmul_Case0,2,autoresearch,9216,0,2,2,2,271,34688,192380,4702,True,0
037,2026-06-11T04:13:42.544780+00:00,p3_prefetch_grid,Matmul_Case0,3,autoresearch,9216,0,2,2,2,271,34688,191353,4702,True,0
037,2026-06-11T04:13:42.544780+00:00,p3_prefetch_grid,Matmul_Case1,1,autoresearch,128,0,241,3840,16,0,0,629076,30976,True,0
037,2026-06-11T04:13:42.544780+00:00,p3_prefetch_grid,Matmul_Case1,2,autoresearch,34816,0,2,2,2,3600,460800,1793377,38176,True,0
037,2026-06-11T04:13:42.544780+00:00,p3_prefetch_grid,Matmul_Case1,3,autoresearch,34816,0,2,2,2,3600,460800,1793377,38176,True,0
038,2026-06-11T04:22:00.570303+00:00,id_raw_candidate,Conv_Case0,1,autoresearch,6912,0,0,300,0,0,0,394430,2580,True,0
038,2026-06-11T04:22:00.570303+00:00,id_raw_candidate,Conv_Case0,2,autoresearch,6912,0,0,300,0,339,88044,615694,3258,True,0
038,2026-06-11T04:22:00.570303+00:00,id_raw_candidate,Conv_Case0,3,autoresearch,6912,0,0,300,0,342,92652,553280,3264,True,0
038,2026-06-11T04:22:00.570303+00:00,id_raw_candidate,Conv_Case1,1,autoresearch,13786,0,0,5264,0,0,0,650044,36086,True,0
038,2026-06-11T04:22:00.570303+00:00,id_raw_candidate,Conv_Case1,2,autoresearch,14040,0,0,1,0,1963,72520,1159169,40012,True,0
038,2026-06-11T04:22:00.570303+00:00,id_raw_candidate,Conv_Case1,3,autoresearch,14040,0,0,1,0,1951,73578,1111778,39988,True,0
038,2026-06-11T04:22:00.570303+00:00,id_raw_candidate,FlashAttention_Case0,1,autoresearch,256,8258,24,32,4,0,0,31063,1716,True,0
038,2026-06-11T04:22:00.570303+00:00,id_raw_candidate,FlashAttention_Case0,2,autoresearch,3328,1428,1,1,2,31,3904,51700,1778,True,0
038,2026-06-11T04:22:00.570303+00:00,id_raw_candidate,FlashAttention_Case0,3,autoresearch,4096,1510,2,2,2,58,5832,46167,1832,True,0
038,2026-06-11T04:22:00.570303+00:00,id_raw_candidate,FlashAttention_Case1,1,autoresearch,256,33010,112,128,8,0,0,112458,6952,True,0
038,2026-06-11T04:22:00.570303+00:00,id_raw_candidate,FlashAttention_Case1,2,autoresearch,5376,2468,2,2,2,229,32920,214361,7410,True,0
038,2026-06-11T04:22:00.570303+00:00,id_raw_candidate,FlashAttention_Case1,3,autoresearch,5376,2468,1,1,2,229,34432,180364,7410,True,0
038,2026-06-11T04:22:00.570303+00:00,id_raw_candidate,Matmul_Case0,1,autoresearch,128,0,57,448,8,0,0,82308,4160,True,0
038,2026-06-11T04:22:00.570303+00:00,id_raw_candidate,Matmul_Case0,2,autoresearch,9216,0,2,2,2,271,34688,192380,4702,True,0
038,2026-06-11T04:22:00.570303+00:00,id_raw_candidate,Matmul_Case0,3,autoresearch,9216,0,1,1,1,273,34944,186820,4706,True,0
038,2026-06-11T04:22:00.570303+00:00,id_raw_candidate,Matmul_Case1,1,autoresearch,128,0,241,3840,16,0,0,629076,30976,True,0
038,2026-06-11T04:22:00.570303+00:00,id_raw_candidate,Matmul_Case1,2,autoresearch,34816,0,1,1,1,3600,460800,1783145,38176,True,0
038,2026-06-11T04:22:00.570303+00:00,id_raw_candidate,Matmul_Case1,3,autoresearch,34816,0,1,1,1,3601,460928,1771132,38178,True,0
