inst_id,regime,order,extra,clean_bytes,dirty_bytes,spills,time,victim_policy,prefetch_window,assign_fallback,time_source,peak_L1,peak_UB,peak_L0A,peak_L0B,peak_L0C,phi
synth_000,capacity_bound,cp_list,560,560,0,5,2303,far_only,80,False,address,0,0,0,0,928,4.15625
synth_000,capacity_bound,cp_free_first,336,336,0,3,1616,dist_size_cost,0,False,address,0,0,0,0,736,3.5
synth_000,capacity_bound,pressure_uniform,224,224,0,2,1222,dist_size_cost,0,False,address,0,0,0,0,672,0.5
synth_000,capacity_bound,goodman_hsu,224,224,0,2,1182,dist_size_cost,0,False,address,0,0,0,0,672,0.65625
synth_000,capacity_bound,ours,224,224,0,2,1222,dist_size_cost,0,False,address,0,0,0,0,672,0.5
synth_000,capacity_bound,random:0,864,864,0,9,3512,dist_size_cost,0,False,address,0,0,0,0,928,3.84375
synth_000,capacity_bound,random:1,688,688,0,7,2920,dist_size_cost,0,False,address,0,0,0,0,928,4.4375
synth_000,capacity_bound,random:2,784,784,0,7,2896,dist_size_cost,0,False,address,0,0,0,0,928,5.0
synth_000,capacity_bound,random:3,800,800,0,8,3086,dist_size_cost,0,False,address,0,0,0,0,928,4.625
synth_000,capacity_bound,random:4,800,800,0,8,3176,dist_size_cost,0,False,address,0,0,0,0,928,4.53125
synth_000,capacity_bound,random:5,1040,1040,0,11,4146,dist_size_cost,0,False,address,0,0,0,0,928,4.34375
synth_000,capacity_bound,random:6,960,960,0,9,3694,dist_size_cost,0,False,address,0,0,0,0,928,4.34375
synth_000,capacity_bound,random:7,784,784,0,7,2965,dist_size_cost,0,False,address,0,0,0,0,864,3.5625
synth_001,order_reachable,cp_list,1024,0,1024,1,2716,far_only,80,False,address,4352,0,0,0,0,0.0625
synth_001,order_reachable,cp_free_first,0,0,0,0,615,dist_size_cost,0,False,address,3072,0,0,0,0,0.0
synth_001,order_reachable,pressure_uniform,0,0,0,0,515,dist_size_cost,0,False,address,1792,0,0,0,0,0.0
synth_001,order_reachable,goodman_hsu,256,256,0,1,1030,dist_size_cost,0,False,address,4352,0,0,0,0,0.0625
synth_001,order_reachable,ours,0,0,0,0,515,dist_size_cost,0,False,address,1792,0,0,0,0,0.0
synth_001,order_reachable,random:0,1280,256,1024,2,2528,dist_size_cost,0,False,address,4352,0,0,0,0,0.0625
synth_001,order_reachable,random:1,256,256,0,1,1090,dist_size_cost,0,False,address,4352,0,0,0,0,0.0625
synth_001,order_reachable,random:2,0,0,0,0,486,dist_size_cost,0,False,address,3584,0,0,0,0,0.0
synth_001,order_reachable,random:3,0,0,0,0,453,dist_size_cost,0,False,address,4096,0,0,0,0,0.0
synth_001,order_reachable,random:4,256,256,0,1,955,dist_size_cost,0,False,address,4352,0,0,0,0,0.0625
synth_001,order_reachable,random:5,256,256,0,1,887,dist_size_cost,0,False,address,4352,0,0,0,0,0.0625
synth_001,order_reachable,random:6,256,256,0,1,1122,dist_size_cost,0,False,address,4352,0,0,0,0,0.0625
synth_001,order_reachable,random:7,0,0,0,0,373,dist_size_cost,0,False,address,3840,0,0,0,0,0.0
synth_002,capacity_bound,cp_list,2464,288,2176,6,6938,far_only,80,False,address,0,2224,0,0,0,8.640625
synth_002,capacity_bound,cp_free_first,2176,0,2176,4,6000,dist_size_cost,0,False,address,0,1504,0,0,0,5.234375
synth_002,capacity_bound,pressure_uniform,1520,432,1088,5,3899,dist_size_cost,0,False,address,0,1648,0,0,0,3.3125
synth_002,capacity_bound,goodman_hsu,1632,0,1632,3,4717,dist_size_cost,0,False,address,0,1648,0,0,0,2.703125
synth_002,capacity_bound,ours,1088,0,1088,2,3371,dist_size_cost,0,False,address,0,1504,0,0,0,2.25
synth_002,capacity_bound,random:0,4816,1008,3808,14,11964,dist_size_cost,0,False,address,0,2080,0,0,0,7.21875
synth_002,capacity_bound,random:1,3984,720,3264,11,10339,dist_size_cost,0,False,address,0,2224,0,0,0,8.578125
synth_002,capacity_bound,random:2,4096,288,3808,9,8816,dist_size_cost,0,False,address,0,1936,0,0,0,7.953125
synth_002,capacity_bound,random:3,4272,1008,3264,13,10705,dist_size_cost,0,False,address,0,2224,0,0,0,7.875
synth_002,capacity_bound,random:4,5072,720,4352,13,12501,dist_size_cost,0,False,address,0,2224,0,0,0,9.015625
synth_002,capacity_bound,random:5,4272,1008,3264,13,10689,dist_size_cost,0,False,address,0,2080,0,0,0,7.75
synth_002,capacity_bound,random:6,5760,864,4896,15,15035,dist_size_cost,0,False,address,0,2224,0,0,0,8.453125
synth_002,capacity_bound,random:7,5104,1296,3808,16,12928,dist_size_cost,0,False,address,0,2224,0,0,0,7.953125
synth_003,order_reachable,cp_list,384,384,0,5,2102,far_only,80,False,address,0,0,0,0,720,1.78125
synth_003,order_reachable,cp_free_first,0,0,0,0,739,dist_size_cost,0,False,address,0,0,0,0,432,0.0
synth_003,order_reachable,pressure_uniform,192,192,0,3,1483,dist_size_cost,0,False,address,0,0,0,0,576,0.15625
synth_003,order_reachable,goodman_hsu,48,48,0,1,705,dist_size_cost,0,False,address,0,0,0,0,528,0.125
synth_003,order_reachable,ours,0,0,0,0,739,dist_size_cost,0,False,address,0,0,0,0,432,0.0
synth_003,order_reachable,random:0,528,528,0,8,2761,dist_size_cost,0,False,address,0,0,0,0,720,1.40625
synth_003,order_reachable,random:1,336,336,0,5,1933,dist_size_cost,0,False,address,0,0,0,0,720,1.71875
synth_003,order_reachable,random:2,336,336,0,5,2023,dist_size_cost,0,False,address,0,0,0,0,672,1.59375
synth_003,order_reachable,random:3,336,336,0,5,2032,dist_size_cost,0,False,address,0,0,0,0,720,1.75
synth_003,order_reachable,random:4,384,384,0,4,1933,dist_size_cost,0,False,address,0,0,0,0,672,1.59375
synth_003,order_reachable,random:5,336,336,0,5,1967,dist_size_cost,0,False,address,0,0,0,0,672,1.25
synth_003,order_reachable,random:6,528,528,0,7,2555,dist_size_cost,0,False,address,0,0,0,0,672,1.46875
synth_003,order_reachable,random:7,480,480,0,7,2388,dist_size_cost,0,False,address,0,0,0,0,720,1.65625
synth_004,capacity_bound,cp_list,2064,2064,0,3,4850,far_only,80,False,address,5872,0,0,0,0,1.58984375
synth_004,capacity_bound,cp_free_first,1376,1376,0,2,3484,dist_size_cost,0,False,address,5168,0,0,0,0,1.50390625
synth_004,capacity_bound,pressure_uniform,1376,1376,0,2,3385,dist_size_cost,0,False,address,4816,0,0,0,0,0.19140625
synth_004,capacity_bound,goodman_hsu,2064,2064,0,3,4870,dist_size_cost,0,False,address,4816,0,0,0,0,0.39453125
synth_004,capacity_bound,ours,1376,1376,0,2,3385,dist_size_cost,0,False,address,4816,0,0,0,0,0.19140625
synth_004,capacity_bound,random:0,2064,2064,0,3,4850,dist_size_cost,0,False,address,5520,0,0,0,0,1.3359375
synth_004,capacity_bound,random:1,2752,2752,0,4,6440,dist_size_cost,0,False,address,5872,0,0,0,0,1.765625
synth_004,capacity_bound,random:2,4480,4480,0,7,10305,dist_size_cost,0,False,address,5872,0,0,0,0,1.68359375
synth_004,capacity_bound,random:3,2064,2064,0,3,5010,dist_size_cost,0,False,address,5872,0,0,0,0,1.59375
synth_004,capacity_bound,random:4,2752,2752,0,4,6416,dist_size_cost,0,False,address,5872,0,0,0,0,1.7578125
synth_004,capacity_bound,random:5,4480,4480,0,7,10286,dist_size_cost,0,False,address,5872,0,0,0,0,1.58984375
synth_004,capacity_bound,random:6,3440,3440,0,5,7986,dist_size_cost,0,False,address,5872,0,0,0,0,1.59375
synth_004,capacity_bound,random:7,3440,3440,0,5,7985,dist_size_cost,0,False,address,5872,0,0,0,0,1.68359375
synth_005,order_reachable,cp_list,0,0,0,0,248,far_only,80,False,address,0,960,0,0,0,0.0
synth_005,order_reachable,cp_free_first,0,0,0,0,466,dist_size_cost,0,False,address,0,512,0,0,0,0.0
synth_005,order_reachable,pressure_uniform,0,0,0,0,406,dist_size_cost,0,False,address,0,320,0,0,0,0.0
synth_005,order_reachable,goodman_hsu,0,0,0,0,248,dist_size_cost,0,False,address,0,960,0,0,0,0.0
synth_005,order_reachable,ours,0,0,0,0,406,dist_size_cost,0,False,address,0,320,0,0,0,0.0
synth_005,order_reachable,random:0,0,0,0,0,334,dist_size_cost,0,False,address,0,832,0,0,0,0.0
synth_005,order_reachable,random:1,0,0,0,0,342,dist_size_cost,0,False,address,0,896,0,0,0,0.0
synth_005,order_reachable,random:2,0,0,0,0,278,dist_size_cost,0,False,address,0,832,0,0,0,0.0
synth_005,order_reachable,random:3,0,0,0,0,341,dist_size_cost,0,False,address,0,896,0,0,0,0.0
synth_005,order_reachable,random:4,0,0,0,0,375,dist_size_cost,0,False,address,0,768,0,0,0,0.0
synth_005,order_reachable,random:5,0,0,0,0,373,dist_size_cost,0,False,address,0,704,0,0,0,0.0
synth_005,order_reachable,random:6,0,0,0,0,344,dist_size_cost,0,False,address,0,832,0,0,0,0.0
synth_005,order_reachable,random:7,0,0,0,0,281,dist_size_cost,0,False,address,0,768,0,0,0,0.0
synth_006,capacity_bound,cp_list,1184,64,1120,6,4007,far_only,80,False,address,0,0,0,0,992,5.8125
synth_006,capacity_bound,cp_free_first,896,0,896,4,3322,dist_size_cost,0,False,address,0,0,0,0,736,4.25
synth_006,capacity_bound,pressure_uniform,800,128,672,5,2794,dist_size_cost,0,False,address,0,0,0,0,672,0.875
synth_006,capacity_bound,goodman_hsu,448,0,448,2,1994,dist_size_cost,0,False,address,0,0,0,0,672,0.96875
synth_006,capacity_bound,ours,448,0,448,2,2004,dist_size_cost,0,False,address,0,0,0,0,672,0.71875
synth_006,capacity_bound,random:0,1664,320,1344,11,5603,dist_size_cost,0,False,address,0,0,0,0,992,5.6875
synth_006,capacity_bound,random:1,1440,320,1120,10,5127,dist_size_cost,0,False,address,0,0,0,0,992,5.90625
synth_006,capacity_bound,random:2,1600,256,1344,10,4968,dist_size_cost,0,False,address,0,0,0,0,928,6.3125
synth_006,capacity_bound,random:3,1664,320,1344,11,5844,dist_size_cost,0,False,address,0,0,0,0,992,5.90625
synth_006,capacity_bound,random:4,1536,192,1344,9,4905,dist_size_cost,0,False,address,0,0,0,0,992,6.1875
synth_006,capacity_bound,random:5,2176,384,1792,14,7714,dist_size_cost,0,False,address,0,0,0,0,992,6.09375
synth_006,capacity_bound,random:6,1888,320,1568,12,6773,dist_size_cost,0,False,address,0,0,0,0,992,5.90625
synth_006,capacity_bound,random:7,1152,256,896,8,4221,dist_size_cost,0,False,address,0,0,0,0,928,5.375
synth_007,order_reachable,cp_list,1376,1376,0,2,3511,far_only,80,False,address,4512,0,0,0,0,0.1328125
synth_007,order_reachable,cp_free_first,0,0,0,0,559,dist_size_cost,0,False,address,3104,0,0,0,0,0.0
synth_007,order_reachable,pressure_uniform,0,0,0,0,539,dist_size_cost,0,False,address,2784,0,0,0,0,0.0
synth_007,order_reachable,goodman_hsu,688,688,0,1,1965,dist_size_cost,0,False,address,4160,0,0,0,0,0.015625
synth_007,order_reachable,ours,0,0,0,0,539,dist_size_cost,0,False,address,2784,0,0,0,0,0.0
synth_007,order_reachable,random:0,2080,2080,0,4,5088,dist_size_cost,0,False,address,4512,0,0,0,0,0.1171875
synth_007,order_reachable,random:1,1728,1728,0,3,4294,dist_size_cost,0,False,address,4512,0,0,0,0,0.1328125
synth_007,order_reachable,random:2,688,688,0,1,1812,dist_size_cost,0,False,address,4512,0,0,0,0,0.1171875
synth_007,order_reachable,random:3,688,688,0,1,1953,dist_size_cost,0,False,address,4512,0,0,0,0,0.1171875
synth_007,order_reachable,random:4,2064,2064,0,3,4975,dist_size_cost,0,False,address,4512,0,0,0,0,0.1328125
synth_007,order_reachable,random:5,688,688,0,1,1812,dist_size_cost,0,False,address,4512,0,0,0,0,0.1328125
synth_007,order_reachable,random:6,688,688,0,1,2005,dist_size_cost,0,False,address,4512,0,0,0,0,0.1171875
synth_007,order_reachable,random:7,2080,2080,0,4,5097,dist_size_cost,0,False,address,4512,0,0,0,0,0.1171875
synth_008,capacity_bound,cp_list,1936,1936,0,9,5911,far_only,80,False,address,0,2368,0,0,0,11.125
synth_008,capacity_bound,cp_free_first,1360,1360,0,5,4200,dist_size_cost,0,False,address,0,1504,0,0,0,6.03125
synth_008,capacity_bound,pressure_uniform,1104,1104,0,5,3688,dist_size_cost,0,False,address,0,1792,0,0,0,5.15625
synth_008,capacity_bound,goodman_hsu,1088,1088,0,4,3379,dist_size_cost,0,False,address,0,1792,0,0,0,3.9375
synth_008,capacity_bound,ours,544,544,0,2,2118,dist_size_cost,0,False,address,0,1504,0,0,0,3.046875
synth_008,capacity_bound,random:0,3472,3472,0,17,10094,dist_size_cost,0,False,address,0,2368,0,0,0,10.171875
synth_008,capacity_bound,random:1,3600,3600,0,17,10324,dist_size_cost,0,False,address,0,2368,0,0,0,10.8125
synth_008,capacity_bound,random:2,2896,2896,0,13,8367,dist_size_cost,0,False,address,0,2080,0,0,0,10.0625
synth_008,capacity_bound,random:3,3056,3056,0,15,8963,dist_size_cost,0,False,address,0,2224,0,0,0,9.625
synth_008,capacity_bound,random:4,3040,3040,0,14,8764,dist_size_cost,0,False,address,0,2368,0,0,0,11.5
synth_008,capacity_bound,random:5,4160,4160,0,20,11765,dist_size_cost,0,False,address,0,2224,0,0,0,10.203125
synth_008,capacity_bound,random:6,3312,3312,0,15,9584,dist_size_cost,0,False,address,0,2368,0,0,0,10.9375
synth_008,capacity_bound,random:7,3456,3456,0,16,9971,dist_size_cost,0,False,address,0,2368,0,0,0,9.859375
synth_009,order_reachable,cp_list,256,0,256,2,1718,far_only,80,False,address,0,0,0,0,608,0.5625
synth_009,order_reachable,cp_free_first,0,0,0,0,681,dist_size_cost,0,False,address,0,0,0,0,416,0.0
synth_009,order_reachable,pressure_uniform,0,0,0,0,674,dist_size_cost,0,False,address,0,0,0,0,320,0.0
synth_009,order_reachable,goodman_hsu,32,32,0,1,608,dist_size_cost,0,False,address,0,0,0,0,544,0.0625
synth_009,order_reachable,ours,0,0,0,0,674,dist_size_cost,0,False,address,0,0,0,0,320,0.0
synth_009,order_reachable,random:0,224,96,128,4,1418,dist_size_cost,0,False,address,0,0,0,0,608,0.5
synth_009,order_reachable,random:1,256,128,128,5,1637,dist_size_cost,0,False,address,0,0,0,0,608,0.375
synth_009,order_reachable,random:2,160,32,128,2,1236,dist_size_cost,0,False,address,0,0,0,0,608,0.5625
synth_009,order_reachable,random:3,192,64,128,3,1329,dist_size_cost,0,False,address,0,0,0,0,608,0.5625
synth_009,order_reachable,random:4,192,64,128,3,1191,dist_size_cost,0,False,address,0,0,0,0,608,0.5
synth_009,order_reachable,random:5,160,32,128,2,1297,dist_size_cost,0,False,address,0,0,0,0,608,0.5625
synth_009,order_reachable,random:6,192,64,128,3,1497,dist_size_cost,0,False,address,0,0,0,0,608,0.5625
synth_009,order_reachable,random:7,224,96,128,4,1486,dist_size_cost,0,False,address,0,0,0,0,608,0.375
synth_010,capacity_bound,cp_list,5504,0,5504,4,12639,far_only,80,False,address,6224,0,0,0,0,2.296875
synth_010,capacity_bound,cp_free_first,2752,0,2752,2,6303,dist_size_cost,0,False,address,5168,0,0,0,0,1.94140625
synth_010,capacity_bound,pressure_uniform,2752,0,2752,2,6543,dist_size_cost,0,False,address,4816,0,0,0,0,0.19140625
synth_010,capacity_bound,goodman_hsu,2752,0,2752,2,6535,dist_size_cost,0,False,address,4816,0,0,0,0,0.41015625
synth_010,capacity_bound,ours,2752,0,2752,2,6303,dist_size_cost,0,False,address,4816,0,0,0,0,0.19140625
synth_010,capacity_bound,random:0,7936,1056,6880,8,13335,dist_size_cost,0,False,address,6224,0,0,0,0,2.4609375
synth_010,capacity_bound,random:1,6208,704,5504,6,14179,dist_size_cost,0,False,address,6224,0,0,0,0,2.3828125
synth_010,capacity_bound,random:2,7584,704,6880,7,14931,dist_size_cost,0,False,address,5872,0,0,0,0,2.62890625
synth_010,capacity_bound,random:3,6208,704,5504,6,13200,dist_size_cost,0,False,address,6224,0,0,0,0,2.37109375
synth_010,capacity_bound,random:4,5856,352,5504,5,11901,dist_size_cost,0,False,address,6224,0,0,0,0,2.546875
synth_010,capacity_bound,random:5,8288,1408,6880,9,18094,dist_size_cost,0,False,address,5872,0,0,0,0,2.37109375
synth_010,capacity_bound,random:6,7232,352,6880,6,14767,dist_size_cost,0,False,address,5872,0,0,0,0,2.046875
synth_010,capacity_bound,random:7,8288,1408,6880,9,15763,dist_size_cost,0,False,address,6224,0,0,0,0,2.3828125
synth_011,order_reachable,cp_list,0,0,0,0,269,far_only,80,False,address,0,992,0,0,0,0.0
synth_011,order_reachable,cp_free_first,0,0,0,0,369,dist_size_cost,0,False,address,0,704,0,0,0,0.0
synth_011,order_reachable,pressure_uniform,0,0,0,0,369,dist_size_cost,0,False,address,0,464,0,0,0,0.0
synth_011,order_reachable,goodman_hsu,0,0,0,0,269,dist_size_cost,0,False,address,0,992,0,0,0,0.0
synth_011,order_reachable,ours,0,0,0,0,369,dist_size_cost,0,False,address,0,704,0,0,0,0.0
synth_011,order_reachable,random:0,0,0,0,0,329,dist_size_cost,0,False,address,0,720,0,0,0,0.0
synth_011,order_reachable,random:1,0,0,0,0,369,dist_size_cost,0,False,address,0,992,0,0,0,0.0
synth_011,order_reachable,random:2,0,0,0,0,349,dist_size_cost,0,False,address,0,816,0,0,0,0.0
synth_011,order_reachable,random:3,0,0,0,0,309,dist_size_cost,0,False,address,0,896,0,0,0,0.0
synth_011,order_reachable,random:4,0,0,0,0,349,dist_size_cost,0,False,address,0,992,0,0,0,0.0
synth_011,order_reachable,random:5,0,0,0,0,349,dist_size_cost,0,False,address,0,992,0,0,0,0.0
synth_011,order_reachable,random:6,0,0,0,0,309,dist_size_cost,0,False,address,0,992,0,0,0,0.0
synth_011,order_reachable,random:7,0,0,0,0,309,dist_size_cost,0,False,address,0,992,0,0,0,0.0
synth_012,capacity_bound,cp_list,688,688,0,7,2957,far_only,80,False,address,0,0,0,0,1056,7.8125
synth_012,capacity_bound,cp_free_first,448,448,0,4,2172,dist_size_cost,0,False,address,0,0,0,0,736,5.0
synth_012,capacity_bound,pressure_uniform,336,336,0,3,1797,dist_size_cost,0,False,address,0,0,0,0,736,2.03125
synth_012,capacity_bound,goodman_hsu,336,336,0,3,1738,dist_size_cost,0,False,address,0,0,0,0,736,1.625
synth_012,capacity_bound,ours,224,224,0,2,1424,dist_size_cost,0,False,address,0,0,0,0,736,1.46875
synth_012,capacity_bound,random:0,1024,1024,0,10,4085,dist_size_cost,0,False,address,0,0,0,0,1056,7.5
synth_012,capacity_bound,random:1,1264,1264,0,13,5021,dist_size_cost,0,False,address,0,0,0,0,1056,7.4375
synth_012,capacity_bound,random:2,1104,1104,0,12,4586,dist_size_cost,0,False,address,0,0,0,0,992,8.03125
synth_012,capacity_bound,random:3,1168,1168,0,13,4752,dist_size_cost,0,False,address,0,0,0,0,1056,7.625
synth_012,capacity_bound,random:4,1088,1088,0,11,4207,dist_size_cost,0,False,address,0,0,0,0,1056,8.09375
synth_012,capacity_bound,random:5,1152,1152,0,12,4637,dist_size_cost,0,False,address,0,0,0,0,1056,8.09375
synth_012,capacity_bound,random:6,1024,1024,0,10,4203,dist_size_cost,0,False,address,0,0,0,0,992,7.84375
synth_012,capacity_bound,random:7,1200,1200,0,12,4720,dist_size_cost,0,False,address,0,0,0,0,1056,7.34375
synth_013,order_reachable,cp_list,1024,0,1024,1,2731,far_only,80,False,address,4352,0,0,0,0,0.0625
synth_013,order_reachable,cp_free_first,0,0,0,0,624,dist_size_cost,0,False,address,3072,0,0,0,0,0.0
synth_013,order_reachable,pressure_uniform,0,0,0,0,524,dist_size_cost,0,False,address,1792,0,0,0,0,0.0
synth_013,order_reachable,goodman_hsu,256,256,0,1,1045,dist_size_cost,0,False,address,4352,0,0,0,0,0.0625
synth_013,order_reachable,ours,0,0,0,0,524,dist_size_cost,0,False,address,1792,0,0,0,0,0.0
synth_013,order_reachable,random:0,1280,256,1024,2,2544,dist_size_cost,0,False,address,4352,0,0,0,0,0.0625
synth_013,order_reachable,random:1,256,256,0,1,1098,dist_size_cost,0,False,address,4352,0,0,0,0,0.0625
synth_013,order_reachable,random:2,0,0,0,0,496,dist_size_cost,0,False,address,3584,0,0,0,0,0.0
synth_013,order_reachable,random:3,0,0,0,0,465,dist_size_cost,0,False,address,4096,0,0,0,0,0.0
synth_013,order_reachable,random:4,256,256,0,1,958,dist_size_cost,0,False,address,4352,0,0,0,0,0.0625
synth_013,order_reachable,random:5,256,256,0,1,900,dist_size_cost,0,False,address,4352,0,0,0,0,0.0625
synth_013,order_reachable,random:6,256,256,0,1,1130,dist_size_cost,0,False,address,4352,0,0,0,0,0.0625
synth_013,order_reachable,random:7,0,0,0,0,383,dist_size_cost,0,False,address,3840,0,0,0,0,0.0
synth_014,capacity_bound,cp_list,1632,0,1632,3,4518,far_only,80,False,address,0,1792,0,0,0,3.0
synth_014,capacity_bound,cp_free_first,1632,0,1632,3,4379,dist_size_cost,0,False,address,0,1504,0,0,0,2.84375
synth_014,capacity_bound,pressure_uniform,1088,0,1088,2,3130,dist_size_cost,0,False,address,0,1360,0,0,0,0.453125
synth_014,capacity_bound,goodman_hsu,1088,0,1088,2,3047,dist_size_cost,0,False,address,0,1360,0,0,0,0.8125
synth_014,capacity_bound,ours,1088,0,1088,2,3130,dist_size_cost,0,False,address,0,1360,0,0,0,0.453125
synth_014,capacity_bound,random:0,1664,576,1088,6,4850,dist_size_cost,0,False,address,0,1792,0,0,0,2.9375
synth_014,capacity_bound,random:1,2320,144,2176,5,6147,dist_size_cost,0,False,address,0,1792,0,0,0,3.4375
synth_014,capacity_bound,random:2,2864,144,2720,6,7666,dist_size_cost,0,False,address,0,1792,0,0,0,3.0625
synth_014,capacity_bound,random:3,3008,288,2720,7,7650,dist_size_cost,0,False,address,0,1792,0,0,0,3.0625
synth_014,capacity_bound,random:4,2608,432,2176,7,6663,dist_size_cost,0,False,address,0,1792,0,0,0,3.0625
synth_014,capacity_bound,random:5,3008,288,2720,7,7535,dist_size_cost,0,False,address,0,1792,0,0,0,3.125
synth_014,capacity_bound,random:6,2464,288,2176,6,6013,dist_size_cost,0,False,address,0,1792,0,0,0,2.8125
synth_014,capacity_bound,random:7,2864,144,2720,6,7703,dist_size_cost,0,False,address,0,1648,0,0,0,2.96875
synth_015,order_reachable,cp_list,384,384,0,5,2126,far_only,80,False,address,0,0,0,0,720,1.78125
synth_015,order_reachable,cp_free_first,0,0,0,0,775,dist_size_cost,0,False,address,0,0,0,0,432,0.0
synth_015,order_reachable,pressure_uniform,192,192,0,3,1517,dist_size_cost,0,False,address,0,0,0,0,576,0.15625
synth_015,order_reachable,goodman_hsu,48,48,0,1,714,dist_size_cost,0,False,address,0,0,0,0,528,0.125
synth_015,order_reachable,ours,0,0,0,0,775,dist_size_cost,0,False,address,0,0,0,0,432,0.0
synth_015,order_reachable,random:0,528,528,0,8,2805,dist_size_cost,0,False,address,0,0,0,0,720,1.40625
synth_015,order_reachable,random:1,336,336,0,5,1945,dist_size_cost,0,False,address,0,0,0,0,720,1.71875
synth_015,order_reachable,random:2,336,336,0,5,2036,dist_size_cost,0,False,address,0,0,0,0,672,1.59375
synth_015,order_reachable,random:3,336,336,0,5,2090,dist_size_cost,0,False,address,0,0,0,0,720,1.75
synth_015,order_reachable,random:4,384,384,0,4,1952,dist_size_cost,0,False,address,0,0,0,0,672,1.59375
synth_015,order_reachable,random:5,336,336,0,5,1986,dist_size_cost,0,False,address,0,0,0,0,672,1.25
synth_015,order_reachable,random:6,528,528,0,7,2560,dist_size_cost,0,False,address,0,0,0,0,672,1.46875
synth_015,order_reachable,random:7,480,480,0,7,2406,dist_size_cost,0,False,address,0,0,0,0,720,1.65625
synth_016,capacity_bound,cp_list,3440,3440,0,5,8112,far_only,80,False,address,6576,0,0,0,0,3.2578125
synth_016,capacity_bound,cp_free_first,2064,2064,0,3,5160,dist_size_cost,0,False,address,5168,0,0,0,0,2.37890625
synth_016,capacity_bound,pressure_uniform,1376,1376,0,2,3594,dist_size_cost,0,False,address,4816,0,0,0,0,0.19140625
synth_016,capacity_bound,goodman_hsu,1376,1376,0,2,3494,dist_size_cost,0,False,address,4816,0,0,0,0,0.421875
synth_016,capacity_bound,ours,1376,1376,0,2,3594,dist_size_cost,0,False,address,4816,0,0,0,0,0.19140625
synth_016,capacity_bound,random:0,5168,5168,0,8,12052,dist_size_cost,0,False,address,6576,0,0,0,0,3.421875
synth_016,capacity_bound,random:1,5184,5184,0,9,12038,dist_size_cost,0,False,address,6576,0,0,0,0,3.50390625
synth_016,capacity_bound,random:2,4832,4832,0,8,11380,dist_size_cost,0,False,address,6224,0,0,0,0,3.6640625
synth_016,capacity_bound,random:3,5504,5504,0,8,12586,dist_size_cost,0,False,address,6224,0,0,0,0,3.16796875
synth_016,capacity_bound,random:4,4832,4832,0,8,11182,dist_size_cost,0,False,address,6576,0,0,0,0,3.6796875
synth_016,capacity_bound,random:5,4480,4480,0,7,10494,dist_size_cost,0,False,address,6576,0,0,0,0,3.5859375
synth_016,capacity_bound,random:6,5504,5504,0,8,12674,dist_size_cost,0,False,address,6576,0,0,0,0,3.33984375
synth_016,capacity_bound,random:7,5520,5520,0,9,12768,dist_size_cost,0,False,address,6576,0,0,0,0,3.34375
synth_017,order_reachable,cp_list,0,0,0,0,269,far_only,80,False,address,0,960,0,0,0,0.0
synth_017,order_reachable,cp_free_first,0,0,0,0,471,dist_size_cost,0,False,address,0,512,0,0,0,0.0
synth_017,order_reachable,pressure_uniform,0,0,0,0,411,dist_size_cost,0,False,address,0,320,0,0,0,0.0
synth_017,order_reachable,goodman_hsu,0,0,0,0,269,dist_size_cost,0,False,address,0,960,0,0,0,0.0
synth_017,order_reachable,ours,0,0,0,0,411,dist_size_cost,0,False,address,0,320,0,0,0,0.0
synth_017,order_reachable,random:0,0,0,0,0,327,dist_size_cost,0,False,address,0,832,0,0,0,0.0
synth_017,order_reachable,random:1,0,0,0,0,355,dist_size_cost,0,False,address,0,896,0,0,0,0.0
synth_017,order_reachable,random:2,0,0,0,0,299,dist_size_cost,0,False,address,0,832,0,0,0,0.0
synth_017,order_reachable,random:3,0,0,0,0,358,dist_size_cost,0,False,address,0,896,0,0,0,0.0
synth_017,order_reachable,random:4,0,0,0,0,378,dist_size_cost,0,False,address,0,768,0,0,0,0.0
synth_017,order_reachable,random:5,0,0,0,0,385,dist_size_cost,0,False,address,0,704,0,0,0,0.0
synth_017,order_reachable,random:6,0,0,0,0,348,dist_size_cost,0,False,address,0,832,0,0,0,0.0
synth_017,order_reachable,random:7,0,0,0,0,295,dist_size_cost,0,False,address,0,768,0,0,0,0.0
synth_018,capacity_bound,cp_list,1312,192,1120,8,5181,far_only,80,False,address,0,0,0,0,1120,10.0625
synth_018,capacity_bound,cp_free_first,896,0,896,4,3467,dist_size_cost,0,False,address,0,0,0,0,736,5.75
synth_018,capacity_bound,pressure_uniform,864,192,672,6,3828,dist_size_cost,0,False,address,0,0,0,0,800,3.625
synth_018,capacity_bound,goodman_hsu,672,0,672,3,2896,dist_size_cost,0,False,address,0,0,0,0,800,2.53125
synth_018,capacity_bound,ours,448,0,448,2,2182,dist_size_cost,0,False,address,0,0,0,0,736,2.21875
synth_018,capacity_bound,random:0,2304,512,1792,16,7285,dist_size_cost,0,False,address,0,0,0,0,1120,9.375
synth_018,capacity_bound,random:1,2240,448,1792,15,7203,dist_size_cost,0,False,address,0,0,0,0,1120,9.40625
synth_018,capacity_bound,random:2,2080,512,1568,15,7504,dist_size_cost,0,False,address,0,0,0,0,1120,10.34375
synth_018,capacity_bound,random:3,2240,448,1792,15,7144,dist_size_cost,0,False,address,0,0,0,0,1120,9.40625
synth_018,capacity_bound,random:4,1696,576,1120,14,6829,dist_size_cost,0,False,address,0,0,0,0,1120,10.0625
synth_018,capacity_bound,random:5,2080,512,1568,15,8052,dist_size_cost,0,False,address,0,0,0,0,1120,9.5625
synth_018,capacity_bound,random:6,2592,576,2016,18,9052,dist_size_cost,0,False,address,0,0,0,0,1120,9.78125
synth_018,capacity_bound,random:7,2464,448,2016,16,7493,dist_size_cost,0,False,address,0,0,0,0,1120,9.59375
synth_019,order_reachable,cp_list,1376,1376,0,2,3505,far_only,80,False,address,4512,0,0,0,0,0.1328125
synth_019,order_reachable,cp_free_first,0,0,0,0,553,dist_size_cost,0,False,address,3104,0,0,0,0,0.0
synth_019,order_reachable,pressure_uniform,0,0,0,0,533,dist_size_cost,0,False,address,2784,0,0,0,0,0.0
synth_019,order_reachable,goodman_hsu,688,688,0,1,1959,dist_size_cost,0,False,address,4160,0,0,0,0,0.015625
synth_019,order_reachable,ours,0,0,0,0,533,dist_size_cost,0,False,address,2784,0,0,0,0,0.0
synth_019,order_reachable,random:0,2080,2080,0,4,5088,dist_size_cost,0,False,address,4512,0,0,0,0,0.1171875
synth_019,order_reachable,random:1,1728,1728,0,3,4294,dist_size_cost,0,False,address,4512,0,0,0,0,0.1328125
synth_019,order_reachable,random:2,688,688,0,1,1832,dist_size_cost,0,False,address,4512,0,0,0,0,0.1171875
synth_019,order_reachable,random:3,688,688,0,1,1953,dist_size_cost,0,False,address,4512,0,0,0,0,0.1171875
synth_019,order_reachable,random:4,2064,2064,0,3,4961,dist_size_cost,0,False,address,4512,0,0,0,0,0.1328125
synth_019,order_reachable,random:5,688,688,0,1,1832,dist_size_cost,0,False,address,4512,0,0,0,0,0.1328125
synth_019,order_reachable,random:6,688,688,0,1,1999,dist_size_cost,0,False,address,4512,0,0,0,0,0.1171875
synth_019,order_reachable,random:7,2080,2080,0,4,5083,dist_size_cost,0,False,address,4512,0,0,0,0,0.1171875
synth_020,capacity_bound,cp_list,1088,1088,0,4,3206,far_only,80,False,address,0,1936,0,0,0,4.515625
synth_020,capacity_bound,cp_free_first,1088,1088,0,4,3247,dist_size_cost,0,False,address,0,1504,0,0,0,3.640625
synth_020,capacity_bound,pressure_uniform,816,816,0,3,2552,dist_size_cost,0,False,address,0,1360,0,0,0,0.734375
synth_020,capacity_bound,goodman_hsu,544,544,0,2,1799,dist_size_cost,0,False,address,0,1360,0,0,0,1.078125
synth_020,capacity_bound,ours,544,544,0,2,1859,dist_size_cost,0,False,address,0,1360,0,0,0,0.65625
synth_020,capacity_bound,random:0,2064,2064,0,9,5872,dist_size_cost,0,False,address,0,1936,0,0,0,4.0
synth_020,capacity_bound,random:1,2048,2048,0,8,5620,dist_size_cost,0,False,address,0,1936,0,0,0,4.703125
synth_020,capacity_bound,random:2,1792,1792,0,8,5235,dist_size_cost,0,False,address,0,1936,0,0,0,4.578125
synth_020,capacity_bound,random:3,1648,1648,0,7,4713,dist_size_cost,0,False,address,0,1936,0,0,0,4.578125
synth_020,capacity_bound,random:4,1920,1920,0,8,5341,dist_size_cost,0,False,address,0,1936,0,0,0,4.890625
synth_020,capacity_bound,random:5,2048,2048,0,8,5663,dist_size_cost,0,False,address,0,1792,0,0,0,4.328125
synth_020,capacity_bound,random:6,1776,1776,0,7,4970,dist_size_cost,0,False,address,0,1936,0,0,0,4.890625
synth_020,capacity_bound,random:7,1504,1504,0,6,4298,dist_size_cost,0,False,address,0,1936,0,0,0,4.765625
synth_021,order_reachable,cp_list,256,0,256,2,1727,far_only,80,False,address,0,0,0,0,608,0.5625
synth_021,order_reachable,cp_free_first,0,0,0,0,681,dist_size_cost,0,False,address,0,0,0,0,416,0.0
synth_021,order_reachable,pressure_uniform,0,0,0,0,678,dist_size_cost,0,False,address,0,0,0,0,320,0.0
synth_021,order_reachable,goodman_hsu,32,32,0,1,612,dist_size_cost,0,False,address,0,0,0,0,544,0.0625
synth_021,order_reachable,ours,0,0,0,0,678,dist_size_cost,0,False,address,0,0,0,0,320,0.0
synth_021,order_reachable,random:0,224,96,128,4,1423,dist_size_cost,0,False,address,0,0,0,0,608,0.5
synth_021,order_reachable,random:1,256,128,128,5,1632,dist_size_cost,0,False,address,0,0,0,0,608,0.375
synth_021,order_reachable,random:2,160,32,128,2,1252,dist_size_cost,0,False,address,0,0,0,0,608,0.5625
synth_021,order_reachable,random:3,192,64,128,3,1335,dist_size_cost,0,False,address,0,0,0,0,608,0.5625
synth_021,order_reachable,random:4,192,64,128,3,1176,dist_size_cost,0,False,address,0,0,0,0,608,0.5
synth_021,order_reachable,random:5,160,32,128,2,1293,dist_size_cost,0,False,address,0,0,0,0,608,0.5625
synth_021,order_reachable,random:6,192,64,128,3,1482,dist_size_cost,0,False,address,0,0,0,0,608,0.5625
synth_021,order_reachable,random:7,224,96,128,4,1483,dist_size_cost,0,False,address,0,0,0,0,608,0.375
synth_022,capacity_bound,cp_list,8256,0,8256,6,17376,far_only,80,False,address,6928,0,0,0,0,4.47265625
synth_022,capacity_bound,cp_free_first,5504,0,5504,4,12554,dist_size_cost,0,False,address,5168,0,0,0,0,2.81640625
synth_022,capacity_bound,pressure_uniform,3104,352,2752,3,6753,dist_size_cost,0,False,address,4816,0,0,0,0,0.296875
synth_022,capacity_bound,goodman_hsu,2752,0,2752,2,6673,dist_size_cost,0,False,address,4816,0,0,0,0,0.5234375
synth_022,capacity_bound,ours,2752,0,2752,2,6747,dist_size_cost,0,False,address,4816,0,0,0,0,0.28515625
synth_022,capacity_bound,random:0,7936,1056,6880,8,16541,dist_size_cost,0,False,address,6928,0,0,0,0,4.546875
synth_022,capacity_bound,random:1,8640,1760,6880,10,16803,dist_size_cost,0,False,address,6928,0,0,0,0,4.80078125
synth_022,capacity_bound,random:2,8992,2112,6880,11,19465,dist_size_cost,0,False,address,6928,0,0,0,0,4.8046875
synth_022,capacity_bound,random:3,10016,1760,8256,11,19577,dist_size_cost,0,False,address,6928,0,0,0,0,4.21875
synth_022,capacity_bound,random:4,8640,1760,6880,10,18581,dist_size_cost,0,False,address,6928,0,0,0,0,4.89453125
synth_022,capacity_bound,random:5,9312,1056,8256,9,17233,dist_size_cost,0,False,address,6928,0,0,0,0,4.45703125
synth_022,capacity_bound,random:6,9664,1408,8256,10,21168,dist_size_cost,0,False,address,6576,0,0,0,0,4.30078125
synth_022,capacity_bound,random:7,11040,1408,9632,11,22728,dist_size_cost,0,False,address,6928,0,0,0,0,4.39453125
synth_023,order_reachable,cp_list,0,0,0,0,284,far_only,80,False,address,0,992,0,0,0,0.0
synth_023,order_reachable,cp_free_first,0,0,0,0,384,dist_size_cost,0,False,address,0,704,0,0,0,0.0
synth_023,order_reachable,pressure_uniform,0,0,0,0,384,dist_size_cost,0,False,address,0,464,0,0,0,0.0
synth_023,order_reachable,goodman_hsu,0,0,0,0,284,dist_size_cost,0,False,address,0,992,0,0,0,0.0
synth_023,order_reachable,ours,0,0,0,0,384,dist_size_cost,0,False,address,0,704,0,0,0,0.0
synth_023,order_reachable,random:0,0,0,0,0,344,dist_size_cost,0,False,address,0,720,0,0,0,0.0
synth_023,order_reachable,random:1,0,0,0,0,384,dist_size_cost,0,False,address,0,992,0,0,0,0.0
synth_023,order_reachable,random:2,0,0,0,0,364,dist_size_cost,0,False,address,0,816,0,0,0,0.0
synth_023,order_reachable,random:3,0,0,0,0,324,dist_size_cost,0,False,address,0,896,0,0,0,0.0
synth_023,order_reachable,random:4,0,0,0,0,364,dist_size_cost,0,False,address,0,992,0,0,0,0.0
synth_023,order_reachable,random:5,0,0,0,0,364,dist_size_cost,0,False,address,0,992,0,0,0,0.0
synth_023,order_reachable,random:6,0,0,0,0,324,dist_size_cost,0,False,address,0,992,0,0,0,0.0
synth_023,order_reachable,random:7,0,0,0,0,324,dist_size_cost,0,False,address,0,992,0,0,0,0.0
synth_024,capacity_bound,cp_list,448,448,0,4,1815,far_only,80,False,address,0,0,0,0,864,2.84375
synth_024,capacity_bound,cp_free_first,224,224,0,2,1127,dist_size_cost,0,False,address,0,0,0,0,736,2.75
synth_024,capacity_bound,pressure_uniform,336,336,0,3,1481,dist_size_cost,0,False,address,0,0,0,0,672,0.5
synth_024,capacity_bound,goodman_hsu,224,224,0,2,1067,dist_size_cost,0,False,address,0,0,0,0,672,0.65625
synth_024,capacity_bound,ours,224,224,0,2,1087,dist_size_cost,0,False,address,0,0,0,0,672,0.5
synth_024,capacity_bound,random:0,688,688,0,7,2785,dist_size_cost,0,False,address,0,0,0,0,864,2.65625
synth_024,capacity_bound,random:1,624,624,0,6,2506,dist_size_cost,0,False,address,0,0,0,0,864,3.21875
synth_024,capacity_bound,random:2,560,560,0,5,2177,dist_size_cost,0,False,address,0,0,0,0,864,3.03125
synth_024,capacity_bound,random:3,448,448,0,4,1875,dist_size_cost,0,False,address,0,0,0,0,864,3.21875
synth_024,capacity_bound,random:4,736,736,0,7,2810,dist_size_cost,0,False,address,0,0,0,0,864,2.84375
synth_024,capacity_bound,random:5,672,672,0,6,2555,dist_size_cost,0,False,address,0,0,0,0,864,3.125
synth_024,capacity_bound,random:6,448,448,0,4,1855,dist_size_cost,0,False,address,0,0,0,0,864,3.03125
synth_024,capacity_bound,random:7,672,672,0,6,2495,dist_size_cost,0,False,address,0,0,0,0,864,2.9375
synth_025,order_reachable,cp_list,1024,0,1024,1,2783,far_only,80,False,address,4352,0,0,0,0,0.0625
synth_025,order_reachable,cp_free_first,0,0,0,0,682,dist_size_cost,0,False,address,3072,0,0,0,0,0.0
synth_025,order_reachable,pressure_uniform,0,0,0,0,582,dist_size_cost,0,False,address,1792,0,0,0,0,0.0
synth_025,order_reachable,goodman_hsu,256,256,0,1,1097,dist_size_cost,0,False,address,4352,0,0,0,0,0.0625
synth_025,order_reachable,ours,0,0,0,0,582,dist_size_cost,0,False,address,1792,0,0,0,0,0.0
synth_025,order_reachable,random:0,1280,256,1024,2,2580,dist_size_cost,0,False,address,4352,0,0,0,0,0.0625
synth_025,order_reachable,random:1,256,256,0,1,1158,dist_size_cost,0,False,address,4352,0,0,0,0,0.0625
synth_025,order_reachable,random:2,0,0,0,0,552,dist_size_cost,0,False,address,3584,0,0,0,0,0.0
synth_025,order_reachable,random:3,0,0,0,0,523,dist_size_cost,0,False,address,4096,0,0,0,0,0.0
synth_025,order_reachable,random:4,256,256,0,1,965,dist_size_cost,0,False,address,4352,0,0,0,0,0.0625
synth_025,order_reachable,random:5,256,256,0,1,933,dist_size_cost,0,False,address,4352,0,0,0,0,0.0625
synth_025,order_reachable,random:6,256,256,0,1,1186,dist_size_cost,0,False,address,4352,0,0,0,0,0.0625
synth_025,order_reachable,random:7,0,0,0,0,435,dist_size_cost,0,False,address,3840,0,0,0,0,0.0
synth_026,capacity_bound,cp_list,2320,144,2176,5,6406,far_only,80,False,address,0,2080,0,0,0,6.4375
synth_026,capacity_bound,cp_free_first,2176,0,2176,4,5936,dist_size_cost,0,False,address,0,1504,0,0,0,4.4375
synth_026,capacity_bound,pressure_uniform,1376,288,1088,4,3328,dist_size_cost,0,False,address,0,1504,0,0,0,1.796875
synth_026,capacity_bound,goodman_hsu,1088,0,1088,2,3288,dist_size_cost,0,False,address,0,1504,0,0,0,1.75
synth_026,capacity_bound,ours,1088,0,1088,2,3307,dist_size_cost,0,False,address,0,1504,0,0,0,1.453125
synth_026,capacity_bound,random:0,4528,720,3808,12,10706,dist_size_cost,0,False,address,0,2080,0,0,0,5.984375
synth_026,capacity_bound,random:1,4240,432,3808,10,9955,dist_size_cost,0,False,address,0,2080,0,0,0,6.5625
synth_026,capacity_bound,random:2,4240,432,3808,10,10768,dist_size_cost,0,False,address,0,1936,0,0,0,6.3125
synth_026,capacity_bound,random:3,3440,720,2720,10,8405,dist_size_cost,0,False,address,0,2080,0,0,0,6.296875
synth_026,capacity_bound,random:4,4384,576,3808,11,11938,dist_size_cost,0,False,address,0,2080,0,0,0,6.8125
synth_026,capacity_bound,random:5,4816,1008,3808,14,11797,dist_size_cost,0,False,address,0,2080,0,0,0,6.109375
synth_026,capacity_bound,random:6,5216,864,4352,14,13058,dist_size_cost,0,False,address,0,2080,0,0,0,6.4375
synth_026,capacity_bound,random:7,4128,864,3264,12,10792,dist_size_cost,0,False,address,0,2080,0,0,0,6.0
synth_027,order_reachable,cp_list,384,384,0,5,2083,far_only,80,False,address,0,0,0,0,720,1.78125
synth_027,order_reachable,cp_free_first,0,0,0,0,734,dist_size_cost,0,False,address,0,0,0,0,432,0.0
synth_027,order_reachable,pressure_uniform,192,192,0,3,1485,dist_size_cost,0,False,address,0,0,0,0,576,0.15625
synth_027,order_reachable,goodman_hsu,48,48,0,1,667,dist_size_cost,0,False,address,0,0,0,0,528,0.125
synth_027,order_reachable,ours,0,0,0,0,734,dist_size_cost,0,False,address,0,0,0,0,432,0.0
synth_027,order_reachable,random:0,528,528,0,8,2759,dist_size_cost,0,False,address,0,0,0,0,720,1.40625
synth_027,order_reachable,random:1,336,336,0,5,1929,dist_size_cost,0,False,address,0,0,0,0,720,1.71875
synth_027,order_reachable,random:2,336,336,0,5,2012,dist_size_cost,0,False,address,0,0,0,0,672,1.59375
synth_027,order_reachable,random:3,336,336,0,5,2037,dist_size_cost,0,False,address,0,0,0,0,720,1.75
synth_027,order_reachable,random:4,384,384,0,4,1930,dist_size_cost,0,False,address,0,0,0,0,672,1.59375
synth_027,order_reachable,random:5,336,336,0,5,1964,dist_size_cost,0,False,address,0,0,0,0,672,1.25
synth_027,order_reachable,random:6,528,528,0,7,2578,dist_size_cost,0,False,address,0,0,0,0,672,1.46875
synth_027,order_reachable,random:7,480,480,0,7,2389,dist_size_cost,0,False,address,0,0,0,0,720,1.65625
synth_028,capacity_bound,cp_list,4480,4480,0,7,10624,far_only,80,False,address,7280,0,0,0,0,5.94140625
synth_028,capacity_bound,cp_free_first,2752,2752,0,4,6891,dist_size_cost,0,False,address,5168,0,0,0,0,3.25390625
synth_028,capacity_bound,pressure_uniform,1376,1376,0,2,3819,dist_size_cost,0,False,address,5168,0,0,0,0,0.84375
synth_028,capacity_bound,goodman_hsu,1376,1376,0,2,3719,dist_size_cost,0,False,address,5168,0,0,0,0,0.87890625
synth_028,capacity_bound,ours,1376,1376,0,2,3819,dist_size_cost,0,False,address,5168,0,0,0,0,0.84375
synth_028,capacity_bound,random:0,7248,7248,0,12,16933,dist_size_cost,0,False,address,7280,0,0,0,0,5.93359375
synth_028,capacity_bound,random:1,6224,6224,0,11,14689,dist_size_cost,0,False,address,7280,0,0,0,0,5.94140625
synth_028,capacity_bound,random:2,5888,5888,0,11,14193,dist_size_cost,0,False,address,7280,0,0,0,0,6.109375
synth_028,capacity_bound,random:3,6240,6240,0,12,14913,dist_size_cost,0,False,address,7280,0,0,0,0,5.359375
synth_028,capacity_bound,random:4,6896,6896,0,11,15855,dist_size_cost,0,False,address,7280,0,0,0,0,6.4453125
synth_028,capacity_bound,random:5,7600,7600,0,13,17768,dist_size_cost,0,False,address,7280,0,0,0,0,5.5078125
synth_028,capacity_bound,random:6,5872,5872,0,10,13836,dist_size_cost,0,False,address,7280,0,0,0,0,5.76953125
synth_028,capacity_bound,random:7,7600,7600,0,13,17600,dist_size_cost,0,False,address,7280,0,0,0,0,5.86328125
synth_029,order_reachable,cp_list,0,0,0,0,256,far_only,80,False,address,0,960,0,0,0,0.0
synth_029,order_reachable,cp_free_first,0,0,0,0,465,dist_size_cost,0,False,address,0,512,0,0,0,0.0
synth_029,order_reachable,pressure_uniform,0,0,0,0,405,dist_size_cost,0,False,address,0,320,0,0,0,0.0
synth_029,order_reachable,goodman_hsu,0,0,0,0,256,dist_size_cost,0,False,address,0,960,0,0,0,0.0
synth_029,order_reachable,ours,0,0,0,0,405,dist_size_cost,0,False,address,0,320,0,0,0,0.0
synth_029,order_reachable,random:0,0,0,0,0,329,dist_size_cost,0,False,address,0,832,0,0,0,0.0
synth_029,order_reachable,random:1,0,0,0,0,348,dist_size_cost,0,False,address,0,896,0,0,0,0.0
synth_029,order_reachable,random:2,0,0,0,0,291,dist_size_cost,0,False,address,0,832,0,0,0,0.0
synth_029,order_reachable,random:3,0,0,0,0,341,dist_size_cost,0,False,address,0,896,0,0,0,0.0
synth_029,order_reachable,random:4,0,0,0,0,372,dist_size_cost,0,False,address,0,768,0,0,0,0.0
synth_029,order_reachable,random:5,0,0,0,0,374,dist_size_cost,0,False,address,0,704,0,0,0,0.0
synth_029,order_reachable,random:6,0,0,0,0,346,dist_size_cost,0,False,address,0,832,0,0,0,0.0
synth_029,order_reachable,random:7,0,0,0,0,287,dist_size_cost,0,False,address,0,768,0,0,0,0.0
synth_030,capacity_bound,cp_list,1120,0,1120,5,3794,far_only,80,False,address,0,0,0,0,928,4.15625
synth_030,capacity_bound,cp_free_first,672,0,672,3,2497,dist_size_cost,0,False,address,0,0,0,0,736,3.5
synth_030,capacity_bound,pressure_uniform,448,0,448,2,1938,dist_size_cost,0,False,address,0,0,0,0,672,0.5
synth_030,capacity_bound,goodman_hsu,448,0,448,2,1929,dist_size_cost,0,False,address,0,0,0,0,672,0.65625
synth_030,capacity_bound,ours,448,0,448,2,1938,dist_size_cost,0,False,address,0,0,0,0,672,0.5
synth_030,capacity_bound,random:0,1440,320,1120,10,4862,dist_size_cost,0,False,address,0,0,0,0,928,3.84375
synth_030,capacity_bound,random:1,1248,128,1120,7,4360,dist_size_cost,0,False,address,0,0,0,0,928,4.4375
synth_030,capacity_bound,random:2,1376,256,1120,9,4858,dist_size_cost,0,False,address,0,0,0,0,928,5.0
synth_030,capacity_bound,random:3,1152,256,896,8,3826,dist_size_cost,0,False,address,0,0,0,0,928,4.625
synth_030,capacity_bound,random:4,1312,192,1120,8,3892,dist_size_cost,0,False,address,0,0,0,0,928,4.53125
synth_030,capacity_bound,random:5,1888,320,1568,12,6583,dist_size_cost,0,False,address,0,0,0,0,928,4.34375
synth_030,capacity_bound,random:6,1760,192,1568,10,6477,dist_size_cost,0,False,address,0,0,0,0,928,4.34375
synth_030,capacity_bound,random:7,1184,64,1120,6,4297,dist_size_cost,0,False,address,0,0,0,0,864,3.5625
synth_031,order_reachable,cp_list,1376,1376,0,2,3505,far_only,80,False,address,4512,0,0,0,0,0.1328125
synth_031,order_reachable,cp_free_first,0,0,0,0,553,dist_size_cost,0,False,address,3104,0,0,0,0,0.0
synth_031,order_reachable,pressure_uniform,0,0,0,0,533,dist_size_cost,0,False,address,2784,0,0,0,0,0.0
synth_031,order_reachable,goodman_hsu,688,688,0,1,1959,dist_size_cost,0,False,address,4160,0,0,0,0,0.015625
synth_031,order_reachable,ours,0,0,0,0,533,dist_size_cost,0,False,address,2784,0,0,0,0,0.0
synth_031,order_reachable,random:0,2080,2080,0,4,5097,dist_size_cost,0,False,address,4512,0,0,0,0,0.1171875
synth_031,order_reachable,random:1,1728,1728,0,3,4303,dist_size_cost,0,False,address,4512,0,0,0,0,0.1328125
synth_031,order_reachable,random:2,688,688,0,1,1809,dist_size_cost,0,False,address,4512,0,0,0,0,0.1171875
synth_031,order_reachable,random:3,688,688,0,1,1940,dist_size_cost,0,False,address,4512,0,0,0,0,0.1171875
synth_031,order_reachable,random:4,2064,2064,0,3,4967,dist_size_cost,0,False,address,4512,0,0,0,0,0.1328125
synth_031,order_reachable,random:5,688,688,0,1,1809,dist_size_cost,0,False,address,4512,0,0,0,0,0.1328125
synth_031,order_reachable,random:6,688,688,0,1,1999,dist_size_cost,0,False,address,4512,0,0,0,0,0.1171875
synth_031,order_reachable,random:7,2080,2080,0,4,5089,dist_size_cost,0,False,address,4512,0,0,0,0,0.1171875
synth_032,capacity_bound,cp_list,1376,1376,0,6,4237,far_only,80,False,address,0,2224,0,0,0,8.640625
synth_032,capacity_bound,cp_free_first,1088,1088,0,4,3489,dist_size_cost,0,False,address,0,1504,0,0,0,5.234375
synth_032,capacity_bound,pressure_uniform,960,960,0,4,3233,dist_size_cost,0,False,address,0,1648,0,0,0,3.3125
synth_032,capacity_bound,goodman_hsu,816,816,0,3,2735,dist_size_cost,0,False,address,0,1648,0,0,0,2.703125
synth_032,capacity_bound,ours,544,544,0,2,2101,dist_size_cost,0,False,address,0,1504,0,0,0,2.25
synth_032,capacity_bound,random:0,2624,2624,0,12,7587,dist_size_cost,0,False,address,0,2080,0,0,0,7.21875
synth_032,capacity_bound,random:1,2352,2352,0,11,7047,dist_size_cost,0,False,address,0,2224,0,0,0,8.578125
synth_032,capacity_bound,random:2,2048,2048,0,8,5898,dist_size_cost,0,False,address,0,1936,0,0,0,7.953125
synth_032,capacity_bound,random:3,2496,2496,0,12,7347,dist_size_cost,0,False,address,0,2224,0,0,0,7.875
synth_032,capacity_bound,random:4,3024,3024,0,13,8711,dist_size_cost,0,False,address,0,2224,0,0,0,9.015625
synth_032,capacity_bound,random:5,2640,2640,0,13,7872,dist_size_cost,0,False,address,0,2080,0,0,0,7.75
synth_032,capacity_bound,random:6,3168,3168,0,14,9077,dist_size_cost,0,False,address,0,2224,0,0,0,8.453125
synth_032,capacity_bound,random:7,2896,2896,0,13,8280,dist_size_cost,0,False,address,0,2224,0,0,0,7.953125
synth_033,order_reachable,cp_list,256,0,256,2,1714,far_only,80,False,address,0,0,0,0,608,0.5625
synth_033,order_reachable,cp_free_first,0,0,0,0,673,dist_size_cost,0,False,address,0,0,0,0,416,0.0
synth_033,order_reachable,pressure_uniform,0,0,0,0,674,dist_size_cost,0,False,address,0,0,0,0,320,0.0
synth_033,order_reachable,goodman_hsu,32,32,0,1,630,dist_size_cost,0,False,address,0,0,0,0,544,0.0625
synth_033,order_reachable,ours,0,0,0,0,673,dist_size_cost,0,False,address,0,0,0,0,416,0.0
synth_033,order_reachable,random:0,224,96,128,4,1413,dist_size_cost,0,False,address,0,0,0,0,608,0.5
synth_033,order_reachable,random:1,256,128,128,5,1640,dist_size_cost,0,False,address,0,0,0,0,608,0.375
synth_033,order_reachable,random:2,160,32,128,2,1251,dist_size_cost,0,False,address,0,0,0,0,608,0.5625
synth_033,order_reachable,random:3,192,64,128,3,1343,dist_size_cost,0,False,address,0,0,0,0,608,0.5625
synth_033,order_reachable,random:4,192,64,128,3,1218,dist_size_cost,0,False,address,0,0,0,0,608,0.5
synth_033,order_reachable,random:5,160,32,128,2,1272,dist_size_cost,0,False,address,0,0,0,0,608,0.5625
synth_033,order_reachable,random:6,192,64,128,3,1507,dist_size_cost,0,False,address,0,0,0,0,608,0.5625
synth_033,order_reachable,random:7,224,96,128,4,1475,dist_size_cost,0,False,address,0,0,0,0,608,0.375
synth_034,capacity_bound,cp_list,4128,0,4128,3,9363,far_only,80,False,address,5872,0,0,0,0,1.58984375
synth_034,capacity_bound,cp_free_first,2752,0,2752,2,6311,dist_size_cost,0,False,address,5168,0,0,0,0,1.50390625
synth_034,capacity_bound,pressure_uniform,2752,0,2752,2,6410,dist_size_cost,0,False,address,4816,0,0,0,0,0.19140625
synth_034,capacity_bound,goodman_hsu,4128,0,4128,3,9363,dist_size_cost,0,False,address,4816,0,0,0,0,0.39453125
synth_034,capacity_bound,ours,2752,0,2752,2,6311,dist_size_cost,0,False,address,4816,0,0,0,0,0.19140625
synth_034,capacity_bound,random:0,4128,0,4128,3,7723,dist_size_cost,0,False,address,5520,0,0,0,0,1.3359375
synth_034,capacity_bound,random:1,4832,704,4128,5,11061,dist_size_cost,0,False,address,5872,0,0,0,0,1.765625
synth_034,capacity_bound,random:2,7936,1056,6880,8,16233,dist_size_cost,0,False,address,5872,0,0,0,0,1.68359375
synth_034,capacity_bound,random:3,4480,352,4128,4,9413,dist_size_cost,0,False,address,5872,0,0,0,0,1.59375
synth_034,capacity_bound,random:4,5504,0,5504,4,12289,dist_size_cost,0,False,address,5872,0,0,0,0,1.7578125
synth_034,capacity_bound,random:5,9664,1408,8256,10,20395,dist_size_cost,0,False,address,5872,0,0,0,0,1.58984375
synth_034,capacity_bound,random:6,6880,0,6880,5,15422,dist_size_cost,0,False,address,5872,0,0,0,0,1.59375
synth_034,capacity_bound,random:7,5184,1056,4128,6,11078,dist_size_cost,0,False,address,5872,0,0,0,0,1.68359375
synth_035,order_reachable,cp_list,0,0,0,0,268,far_only,80,False,address,0,992,0,0,0,0.0
synth_035,order_reachable,cp_free_first,0,0,0,0,368,dist_size_cost,0,False,address,0,704,0,0,0,0.0
synth_035,order_reachable,pressure_uniform,0,0,0,0,368,dist_size_cost,0,False,address,0,464,0,0,0,0.0
synth_035,order_reachable,goodman_hsu,0,0,0,0,268,dist_size_cost,0,False,address,0,992,0,0,0,0.0
synth_035,order_reachable,ours,0,0,0,0,368,dist_size_cost,0,False,address,0,704,0,0,0,0.0
synth_035,order_reachable,random:0,0,0,0,0,328,dist_size_cost,0,False,address,0,720,0,0,0,0.0
synth_035,order_reachable,random:1,0,0,0,0,368,dist_size_cost,0,False,address,0,992,0,0,0,0.0
synth_035,order_reachable,random:2,0,0,0,0,348,dist_size_cost,0,False,address,0,816,0,0,0,0.0
synth_035,order_reachable,random:3,0,0,0,0,308,dist_size_cost,0,False,address,0,896,0,0,0,0.0
synth_035,order_reachable,random:4,0,0,0,0,348,dist_size_cost,0,False,address,0,992,0,0,0,0.0
synth_035,order_reachable,random:5,0,0,0,0,348,dist_size_cost,0,False,address,0,992,0,0,0,0.0
synth_035,order_reachable,random:6,0,0,0,0,308,dist_size_cost,0,False,address,0,992,0,0,0,0.0
synth_035,order_reachable,random:7,0,0,0,0,308,dist_size_cost,0,False,address,0,992,0,0,0,0.0
