pos,live_clean,live_dirty,live_total
0,0,1,1
1,0,2,2
2,1,2,3
3,1,2,3
4,17,2,19
5,17,2,19
6,33,2,35
7,33,2,35
8,33,2,35
9,33,2,35
10,17,2,19
11,17,2,19
12,17,2,19
13,17,2,19
14,17,2,19
15,1,2,3
16,1,2,3
17,0,2,2
18,0,2,2
19,0,3,3
20,0,5,5
21,0,6,6
22,0,8,8
23,16,8,24
24,16,8,24
25,32,8,40
26,32,8,40
27,48,8,56
28,48,8,56
29,64,8,72
30,64,8,72
31,64,8,72
32,64,8,72
33,48,8,56
34,48,8,56
35,48,8,56
36,48,8,56
37,48,8,56
38,32,8,40
39,32,8,40
40,32,6,38
41,32,6,38
42,32,6,38
43,32,6,38
44,16,6,22
45,16,6,22
46,16,5,21
47,16,5,21
48,16,5,21
49,16,5,21
50,0,5,5
51,0,5,5
52,0,4,4
53,0,2,2
54,0,2,2
55,0,3,3
56,0,5,5
57,0,6,6
58,0,8,8
59,16,8,24
60,16,8,24
61,32,8,40
62,32,8,40
63,48,8,56
64,48,8,56
65,64,8,72
66,64,8,72
67,64,8,72
68,64,8,72
69,48,8,56
70,48,8,56
71,48,8,56
72,48,8,56
73,48,8,56
74,32,8,40
75,32,8,40
76,32,6,38
77,32,6,38
78,32,6,38
79,32,6,38
80,16,6,22
81,16,6,22
82,16,5,21
83,16,5,21
84,16,5,21
85,16,5,21
86,0,5,5
87,0,5,5
88,0,4,4
89,0,2,2
90,0,2,2
91,0,386,386
92,0,770,770
93,768,770,1538
94,768,770,1538
95,1536,770,2306
96,1536,770,2306
97,1680,770,2450
98,1680,770,2450
99,1824,770,2594
100,1824,770,2594
101,1824,770,2594
102,1824,770,2594
103,1680,770,2450
104,1680,770,2450
105,1680,770,2450
106,1680,770,2450
107,1680,770,2450
108,1536,770,2306
109,1536,770,2306
110,1536,770,2306
111,1536,1538,3074
112,1536,2306,3842
113,1552,2306,3858
114,1552,2306,3858
115,1568,2306,3874
116,1568,2306,3874
117,1568,2306,3874
118,1568,2306,3874
119,1552,2306,3858
120,1552,2306,3858
121,1552,2306,3858
122,1552,2306,3858
123,1552,2306,3858
124,1536,2306,3842
125,1536,2306,3842
126,768,2306,3074
127,0,2306,2306
128,0,2306,2306
129,0,2690,2690
130,0,4226,4226
131,0,4610,4610
132,0,6146,6146
133,144,6146,6290
134,144,6146,6290
135,288,6146,6434
136,288,6146,6434
137,432,6146,6578
138,432,6146,6578
139,576,6146,6722
140,576,6146,6722
141,576,6146,6722
142,576,6146,6722
143,432,6146,6578
144,432,6146,6578
145,432,6146,6578
146,432,6146,6578
147,432,6146,6578
148,288,6146,6434
149,288,6146,6434
150,288,5378,5666
151,288,3842,4130
152,288,3842,4130
153,288,3842,4130
154,288,3842,4130
155,144,3842,3986
156,144,3842,3986
157,144,3458,3602
158,144,3458,3602
159,144,3458,3602
160,144,3458,3602
161,0,3458,3458
162,0,3458,3458
163,0,3074,3074
164,0,2306,2306
165,0,770,770
166,0,770,770
167,0,1154,1154
168,0,2690,2690
169,0,3074,3074
170,0,4610,4610
171,144,4610,4754
172,144,4610,4754
173,288,4610,4898
174,288,4610,4898
175,432,4610,5042
176,432,4610,5042
177,576,4610,5186
178,576,4610,5186
179,576,4610,5186
180,576,4610,5186
181,432,4610,5042
182,432,4610,5042
183,432,4610,5042
184,432,4610,5042
185,432,4610,5042
186,288,4610,4898
187,288,4610,4898
188,288,3074,3362
189,288,3074,3362
190,288,3074,3362
191,288,3074,3362
192,144,3074,3218
193,144,3074,3218
194,144,3074,3218
195,144,3074,3218
196,144,3074,3218
197,0,3074,3074
198,0,3074,3074
199,0,1538,1538
200,0,1538,1538
201,0,1922,1922
202,0,3458,3458
203,0,3842,3842
204,0,5378,5378
205,144,5378,5522
206,144,5378,5522
207,288,5378,5666
208,288,5378,5666
209,432,5378,5810
210,432,5378,5810
211,576,5378,5954
212,576,5378,5954
213,576,5378,5954
214,576,5378,5954
215,432,5378,5810
216,432,5378,5810
217,432,5378,5810
218,432,5378,5810
219,432,5378,5810
220,288,5378,5666
221,288,5378,5666
222,288,4994,5282
223,288,3458,3746
224,288,3458,3746
225,288,3458,3746
226,288,3458,3746
227,144,3458,3602
228,144,3458,3602
229,144,3074,3218
230,144,3074,3218
231,144,3074,3218
232,144,3074,3218
233,0,3074,3074
234,0,3074,3074
235,0,2690,2690
236,0,2306,2306
237,0,770,770
238,0,770,770
239,0,866,866
240,0,1250,1250
241,0,1346,1346
242,0,1730,1730
243,144,1730,1874
244,144,1730,1874
245,288,1730,2018
246,288,1730,2018
247,432,1730,2162
248,432,1730,2162
249,576,1730,2306
250,576,1730,2306
251,576,1730,2306
252,576,1730,2306
253,432,1730,2162
254,432,1730,2162
255,432,1730,2162
256,432,1730,2162
257,432,1730,2162
258,288,1730,2018
259,288,1730,2018
260,288,1346,1634
261,288,1346,1634
262,288,1346,1634
263,288,1346,1634
264,144,1346,1490
265,144,1346,1490
266,144,1346,1490
267,144,1346,1490
268,144,1346,1490
269,0,1346,1346
270,0,1346,1346
271,0,962,962
272,0,962,962
273,0,986,986
274,0,1082,1082
275,0,1106,1106
276,0,1202,1202
277,144,1202,1346
278,144,1202,1346
279,288,1202,1490
280,288,1202,1490
281,432,1202,1634
282,432,1202,1634
283,576,1202,1778
284,576,1202,1778
285,576,1202,1778
286,576,1202,1778
287,432,1202,1634
288,432,1202,1634
289,432,1202,1634
290,432,1202,1634
291,432,1202,1634
292,288,1202,1490
293,288,1202,1490
294,288,1201,1489
295,288,1105,1393
296,288,1105,1393
297,288,1105,1393
298,288,1105,1393
299,144,1105,1249
300,144,1105,1249
301,144,1009,1153
302,144,1009,1153
303,144,1009,1153
304,144,1009,1153
305,0,1009,1009
306,0,1009,1009
307,0,1008,1008
308,0,912,912
309,0,816,816
310,0,816,816
311,0,840,840
312,0,936,936
313,0,960,960
314,0,1056,1056
315,144,1056,1200
316,144,1056,1200
317,288,1056,1344
318,288,1056,1344
319,432,1056,1488
320,432,1056,1488
321,576,1056,1632
322,576,1056,1632
323,576,1056,1632
324,576,1056,1632
325,432,1056,1488
326,432,1056,1488
327,432,1056,1488
328,432,1056,1488
329,432,1056,1488
330,288,1056,1344
331,288,1056,1344
332,288,960,1248
333,288,960,1248
334,288,960,1248
335,288,960,1248
336,144,960,1104
337,144,960,1104
338,144,936,1080
339,144,936,1080
340,144,936,1080
341,144,936,1080
342,0,936,936
343,0,936,936
344,0,912,912
345,0,816,816
346,0,816,816
347,0,822,822
348,0,846,846
349,0,852,852
350,0,876,876
351,144,876,1020
352,144,876,1020
353,288,876,1164
354,288,876,1164
355,432,876,1308
356,432,876,1308
357,576,876,1452
358,576,876,1452
359,576,876,1452
360,576,876,1452
361,432,876,1308
362,432,876,1308
363,432,876,1308
364,432,876,1308
365,432,876,1308
366,288,876,1164
367,288,876,1164
368,288,852,1140
369,288,852,1140
370,288,852,1140
371,288,852,1140
372,144,852,996
373,144,852,996
374,144,828,972
375,144,828,972
376,144,828,972
377,144,828,972
378,0,828,828
379,0,828,828
380,0,804,804
381,0,780,780
382,0,780,780
383,0,781,781
384,0,783,783
385,0,784,784
386,0,786,786
387,192,786,978
388,192,786,978
389,384,786,1170
390,384,786,1170
391,576,786,1362
392,576,786,1362
393,768,786,1554
394,768,786,1554
395,768,786,1554
396,768,786,1554
397,576,786,1362
398,576,786,1362
399,576,786,1362
400,576,786,1362
401,576,786,1362
402,384,786,1170
403,384,786,1170
404,384,784,1168
405,384,784,1168
406,384,784,1168
407,384,784,1168
408,192,784,976
409,192,784,976
410,192,778,970
411,192,778,970
412,192,778,970
413,192,778,970
414,0,778,778
415,0,778,778
416,0,772,772
417,0,770,770
418,0,770,770
419,0,772,772
420,0,776,776
421,0,778,778
422,0,782,782
423,0,784,784
424,0,788,788
425,32,788,820
426,32,788,820
427,64,788,852
428,64,788,852
429,96,788,884
430,96,788,884
431,128,788,916
432,128,788,916
433,160,788,948
434,160,788,948
435,192,788,980
436,192,788,980
437,192,788,980
438,192,788,980
439,160,788,948
440,160,788,948
441,160,788,948
442,160,788,948
443,160,788,948
444,128,788,916
445,128,788,916
446,128,784,912
447,128,784,912
448,128,784,912
449,128,782,910
450,128,782,910
451,128,782,910
452,96,782,878
453,96,782,878
454,96,782,878
455,96,782,878
456,96,782,878
457,64,782,846
458,64,782,846
459,64,778,842
460,64,778,842
461,64,778,842
462,64,776,840
463,64,776,840
464,64,776,840
465,32,776,808
466,32,776,808
467,32,776,808
468,32,776,808
469,32,776,808
470,0,776,776
471,0,776,776
472,0,772,772
473,0,772,772
474,0,772,772
475,0,770,770
476,0,771,771
477,0,773,773
478,0,774,774
479,0,776,776
480,0,777,777
481,0,779,779
482,0,780,780
483,0,782,782
484,16,782,798
485,16,782,798
486,32,782,814
487,32,782,814
488,48,782,830
489,48,782,830
490,64,782,846
491,64,782,846
492,80,782,862
493,80,782,862
494,96,782,878
495,96,782,878
496,112,782,894
497,112,782,894
498,128,782,910
499,128,782,910
500,128,782,910
501,128,782,910
502,112,782,894
503,112,782,894
504,112,782,894
505,112,782,894
506,112,782,894
507,96,782,878
508,96,782,878
509,96,780,876
510,96,780,876
511,96,780,876
512,96,780,876
513,80,780,860
514,80,780,860
515,80,780,860
516,80,780,860
517,80,780,860
518,64,780,844
519,64,780,844
520,64,778,842
521,64,778,842
522,64,778,842
523,64,778,842
524,48,778,826
525,48,778,826
526,48,778,826
527,48,778,826
528,48,778,826
529,32,778,810
530,32,778,810
531,32,776,808
532,32,776,808
533,32,776,808
534,32,776,808
535,16,776,792
536,16,776,792
537,16,776,792
538,16,776,792
539,16,776,792
540,0,776,776
541,0,776,776
542,0,774,774
543,0,774,774
544,0,775,775
545,0,777,777
546,0,778,778
547,0,780,780
548,0,781,781
549,0,783,783
550,0,784,784
551,0,786,786
552,16,786,802
553,16,786,802
554,32,786,818
555,32,786,818
556,48,786,834
557,48,786,834
558,64,786,850
559,64,786,850
560,80,786,866
561,80,786,866
562,96,786,882
563,96,786,882
564,112,786,898
565,112,786,898
566,128,786,914
567,128,786,914
568,128,786,914
569,128,786,914
570,112,786,898
571,112,786,898
572,112,786,898
573,112,786,898
574,112,786,898
575,96,786,882
576,96,786,882
577,96,784,880
578,96,784,880
579,96,784,880
580,96,784,880
581,80,784,864
582,80,784,864
583,80,784,864
584,80,784,864
585,80,784,864
586,64,784,848
587,64,784,848
588,64,782,846
589,64,782,846
590,64,782,846
591,64,782,846
592,48,782,830
593,48,782,830
594,48,782,830
595,48,782,830
596,48,782,830
597,32,782,814
598,32,782,814
599,32,780,812
600,32,780,812
601,32,780,812
602,32,780,812
603,16,780,796
604,16,780,796
605,16,780,796
606,16,780,796
607,16,780,796
608,0,780,780
609,0,780,780
610,0,778,778
611,0,778,778
612,0,779,779
613,0,781,781
614,0,782,782
615,0,784,784
616,0,785,785
617,0,787,787
618,0,788,788
619,0,790,790
620,16,790,806
621,16,790,806
622,32,790,822
623,32,790,822
624,48,790,838
625,48,790,838
626,64,790,854
627,64,790,854
628,80,790,870
629,80,790,870
630,96,790,886
631,96,790,886
632,112,790,902
633,112,790,902
634,128,790,918
635,128,790,918
636,128,790,918
637,128,790,918
638,112,790,902
639,112,790,902
640,112,790,902
641,112,790,902
642,112,790,902
643,96,790,886
644,96,790,886
645,96,788,884
646,96,788,884
647,96,788,884
648,96,788,884
649,80,788,868
650,80,788,868
651,80,788,868
652,80,788,868
653,80,788,868
654,64,788,852
655,64,788,852
656,64,786,850
657,64,786,850
658,64,786,850
659,64,786,850
660,48,786,834
661,48,786,834
662,48,786,834
663,48,786,834
664,48,786,834
665,32,786,818
666,32,786,818
667,32,784,816
668,32,784,816
669,32,784,816
670,32,784,816
671,16,784,800
672,16,784,800
673,16,783,799
674,16,783,799
675,16,783,799
676,16,783,799
677,0,783,783
678,0,783,783
679,0,782,782
680,0,780,780
681,0,780,780
682,0,876,876
683,0,1260,1260
684,0,1356,1356
685,0,1740,1740
686,0,1836,1836
687,0,2220,2220
688,0,2316,2316
689,0,2700,2700
690,144,2700,2844
691,144,2700,2844
692,288,2700,2988
693,288,2700,2988
694,432,2700,3132
695,432,2700,3132
696,576,2700,3276
697,576,2700,3276
698,720,2700,3420
699,720,2700,3420
700,864,2700,3564
701,864,2700,3564
702,1008,2700,3708
703,1008,2700,3708
704,1152,2700,3852
705,1152,2700,3852
706,1152,2700,3852
707,1152,2700,3852
708,1008,2700,3708
709,1008,2700,3708
710,1008,2700,3708
711,1008,2700,3708
712,1008,2700,3708
713,864,2700,3564
714,864,2700,3564
715,864,2316,3180
716,864,2316,3180
717,864,2316,3180
718,864,2316,3180
719,720,2316,3036
720,720,2316,3036
721,720,2316,3036
722,720,2316,3036
723,720,2316,3036
724,576,2316,2892
725,576,2316,2892
726,576,1932,2508
727,576,1932,2508
728,576,1932,2508
729,576,1932,2508
730,432,1932,2364
731,432,1932,2364
732,432,1932,2364
733,432,1932,2364
734,432,1932,2364
735,288,1932,2220
736,288,1932,2220
737,288,1548,1836
738,288,1548,1836
739,288,1548,1836
740,288,1548,1836
741,144,1548,1692
742,144,1548,1692
743,144,1548,1692
744,144,1548,1692
745,144,1548,1692
746,0,1548,1548
747,0,1548,1548
748,0,1164,1164
749,0,1164,1164
750,0,1260,1260
751,0,1644,1644
752,0,1740,1740
753,0,2124,2124
754,0,2220,2220
755,0,2604,2604
756,0,2700,2700
757,0,3084,3084
758,144,3084,3228
759,144,3084,3228
760,288,3084,3372
761,288,3084,3372
762,432,3084,3516
763,432,3084,3516
764,576,3084,3660
765,576,3084,3660
766,720,3084,3804
767,720,3084,3804
768,864,3084,3948
769,864,3084,3948
770,1008,3084,4092
771,1008,3084,4092
772,1152,3084,4236
773,1152,3084,4236
774,1296,3084,4380
775,1296,3084,4380
776,1440,3084,4524
777,1440,3084,4524
778,1584,3084,4668
779,1584,3084,4668
780,1728,3084,4812
781,1728,3084,4812
782,1872,3084,4956
783,1872,3084,4956
784,2016,3084,5100
785,2016,3084,5100
786,2160,3084,5244
787,2160,3084,5244
788,2304,3084,5388
789,2304,3084,5388
790,2304,3084,5388
791,2304,3084,5388
792,2160,3084,5244
793,2160,3084,5244
794,2160,3084,5244
795,2160,3084,5244
796,2160,3084,5244
797,2016,3084,5100
798,2016,3084,5100
799,2016,3084,5100
800,2016,3084,5100
801,2016,3084,5100
802,1872,3084,4956
803,1872,3084,4956
804,1872,3084,4956
805,1872,3084,4956
806,1872,3084,4956
807,1728,3084,4812
808,1728,3084,4812
809,1728,2700,4428
810,1728,2700,4428
811,1728,2700,4428
812,1728,2700,4428
813,1584,2700,4284
814,1584,2700,4284
815,1584,2700,4284
816,1584,2700,4284
817,1584,2700,4284
818,1440,2700,4140
819,1440,2700,4140
820,1440,2700,4140
821,1440,2700,4140
822,1440,2700,4140
823,1296,2700,3996
824,1296,2700,3996
825,1296,2700,3996
826,1296,2700,3996
827,1296,2700,3996
828,1152,2700,3852
829,1152,2700,3852
830,1152,2316,3468
831,1152,2316,3468
832,1152,2316,3468
833,1152,2316,3468
834,1008,2316,3324
835,1008,2316,3324
836,1008,2316,3324
837,1008,2316,3324
838,1008,2316,3324
839,864,2316,3180
840,864,2316,3180
841,864,2316,3180
842,864,2316,3180
843,864,2316,3180
844,720,2316,3036
845,720,2316,3036
846,720,2316,3036
847,720,2316,3036
848,720,2316,3036
849,576,2316,2892
850,576,2316,2892
851,576,1932,2508
852,576,1932,2508
853,576,1932,2508
854,576,1932,2508
855,432,1932,2364
856,432,1932,2364
857,432,1836,2268
858,432,1836,2268
859,432,1836,2268
860,432,1836,2268
861,288,1836,2124
862,288,1836,2124
863,288,1740,2028
864,288,1740,2028
865,288,1740,2028
866,288,1740,2028
867,144,1740,1884
868,144,1740,1884
869,144,1644,1788
870,144,1644,1788
871,144,1644,1788
872,144,1644,1788
873,0,1644,1644
874,0,1644,1644
875,0,1548,1548
876,0,1164,1164
877,0,1164,1164
878,0,1188,1188
879,0,1284,1284
880,0,1308,1308
881,0,1404,1404
882,0,1428,1428
883,0,1524,1524
884,0,1548,1548
885,0,1644,1644
886,144,1644,1788
887,144,1644,1788
888,288,1644,1932
889,288,1644,1932
890,432,1644,2076
891,432,1644,2076
892,576,1644,2220
893,576,1644,2220
894,720,1644,2364
895,720,1644,2364
896,864,1644,2508
897,864,1644,2508
898,1008,1644,2652
899,1008,1644,2652
900,1152,1644,2796
901,1152,1644,2796
902,1296,1644,2940
903,1296,1644,2940
904,1440,1644,3084
905,1440,1644,3084
906,1584,1644,3228
907,1584,1644,3228
908,1728,1644,3372
909,1728,1644,3372
910,1872,1644,3516
911,1872,1644,3516
912,2016,1644,3660
913,2016,1644,3660
914,2160,1644,3804
915,2160,1644,3804
916,2304,1644,3948
917,2304,1644,3948
918,2304,1644,3948
919,2304,1644,3948
920,2160,1644,3804
921,2160,1644,3804
922,2160,1644,3804
923,2160,1644,3804
924,2160,1644,3804
925,2016,1644,3660
926,2016,1644,3660
927,2016,1644,3660
928,2016,1644,3660
929,2016,1644,3660
930,1872,1644,3516
931,1872,1644,3516
932,1872,1644,3516
933,1872,1644,3516
934,1872,1644,3516
935,1728,1644,3372
936,1728,1644,3372
937,1728,1548,3276
938,1728,1548,3276
939,1728,1548,3276
940,1728,1548,3276
941,1584,1548,3132
942,1584,1548,3132
943,1584,1548,3132
944,1584,1548,3132
945,1584,1548,3132
946,1440,1548,2988
947,1440,1548,2988
948,1440,1548,2988
949,1440,1548,2988
950,1440,1548,2988
951,1296,1548,2844
952,1296,1548,2844
953,1296,1548,2844
954,1296,1548,2844
955,1296,1548,2844
956,1152,1548,2700
957,1152,1548,2700
958,1152,1452,2604
959,1152,1452,2604
960,1152,1452,2604
961,1152,1452,2604
962,1008,1452,2460
963,1008,1452,2460
964,1008,1452,2460
965,1008,1452,2460
966,1008,1452,2460
967,864,1452,2316
968,864,1452,2316
969,864,1452,2316
970,864,1452,2316
971,864,1452,2316
972,720,1452,2172
973,720,1452,2172
974,720,1452,2172
975,720,1452,2172
976,720,1452,2172
977,576,1452,2028
978,576,1452,2028
979,576,1356,1932
980,576,1356,1932
981,576,1356,1932
982,576,1356,1932
983,432,1356,1788
984,432,1356,1788
985,432,1356,1788
986,432,1356,1788
987,432,1356,1788
988,288,1356,1644
989,288,1356,1644
990,288,1356,1644
991,288,1356,1644
992,288,1356,1644
993,144,1356,1500
994,144,1356,1500
995,144,1356,1500
996,144,1356,1500
997,144,1356,1500
998,0,1356,1356
999,0,1356,1356
1000,0,1260,1260
1001,0,1260,1260
1002,0,1308,1308
1003,0,1404,1404
1004,0,1452,1452
1005,0,1548,1548
1006,0,1596,1596
1007,0,1692,1692
1008,0,1740,1740
1009,0,1836,1836
1010,144,1836,1980
1011,144,1836,1980
1012,288,1836,2124
1013,288,1836,2124
1014,432,1836,2268
1015,432,1836,2268
1016,576,1836,2412
1017,576,1836,2412
1018,720,1836,2556
1019,720,1836,2556
1020,864,1836,2700
1021,864,1836,2700
1022,1008,1836,2844
1023,1008,1836,2844
1024,1152,1836,2988
1025,1152,1836,2988
1026,1296,1836,3132
1027,1296,1836,3132
1028,1440,1836,3276
1029,1440,1836,3276
1030,1584,1836,3420
1031,1584,1836,3420
1032,1728,1836,3564
1033,1728,1836,3564
1034,1872,1836,3708
1035,1872,1836,3708
1036,2016,1836,3852
1037,2016,1836,3852
1038,2160,1836,3996
1039,2160,1836,3996
1040,2304,1836,4140
1041,2304,1836,4140
1042,2304,1836,4140
1043,2304,1836,4140
1044,2160,1836,3996
1045,2160,1836,3996
1046,2160,1836,3996
1047,2160,1836,3996
1048,2160,1836,3996
1049,2016,1836,3852
1050,2016,1836,3852
1051,2016,1836,3852
1052,2016,1836,3852
1053,2016,1836,3852
1054,1872,1836,3708
1055,1872,1836,3708
1056,1872,1836,3708
1057,1872,1836,3708
1058,1872,1836,3708
1059,1728,1836,3564
1060,1728,1836,3564
1061,1728,1835,3563
1062,1728,1739,3467
1063,1728,1739,3467
1064,1728,1739,3467
1065,1728,1739,3467
1066,1584,1739,3323
1067,1584,1739,3323
1068,1584,1739,3323
1069,1584,1739,3323
1070,1584,1739,3323
1071,1440,1739,3179
1072,1440,1739,3179
1073,1440,1739,3179
1074,1440,1739,3179
1075,1440,1739,3179
1076,1296,1739,3035
1077,1296,1739,3035
1078,1296,1739,3035
1079,1296,1739,3035
1080,1296,1739,3035
1081,1152,1739,2891
1082,1152,1739,2891
1083,1152,1738,2890
1084,1152,1642,2794
1085,1152,1642,2794
1086,1152,1642,2794
1087,1152,1642,2794
1088,1008,1642,2650
1089,1008,1642,2650
1090,1008,1642,2650
1091,1008,1642,2650
1092,1008,1642,2650
1093,864,1642,2506
1094,864,1642,2506
1095,864,1642,2506
1096,864,1642,2506
1097,864,1642,2506
1098,720,1642,2362
1099,720,1642,2362
1100,720,1642,2362
1101,720,1642,2362
1102,720,1642,2362
1103,576,1642,2218
1104,576,1642,2218
1105,576,1641,2217
1106,576,1545,2121
1107,576,1545,2121
1108,576,1545,2121
1109,576,1545,2121
1110,432,1545,1977
1111,432,1545,1977
1112,432,1521,1953
1113,432,1521,1953
1114,432,1521,1953
1115,432,1521,1953
1116,288,1521,1809
1117,288,1521,1809
1118,288,1497,1785
1119,288,1497,1785
1120,288,1497,1785
1121,288,1497,1785
1122,144,1497,1641
1123,144,1497,1641
1124,144,1473,1617
1125,144,1473,1617
1126,144,1473,1617
1127,144,1473,1617
1128,0,1473,1473
1129,0,1473,1473
1130,0,1472,1472
1131,0,1448,1448
1132,0,1352,1352
1133,0,1352,1352
1134,0,1400,1400
1135,64,1400,1464
1136,64,1400,1464
1137,64,1400,1464
1138,64,1400,1464
1139,0,1400,1400
1140,0,1400,1400
1141,0,1400,1400
1142,0,1448,1448
1143,64,1448,1512
1144,64,1448,1512
1145,64,1448,1512
1146,64,1448,1512
1147,0,1448,1448
1148,0,1448,1448
1149,0,1448,1448
1150,0,1496,1496
1151,64,1496,1560
1152,64,1496,1560
1153,64,1496,1560
1154,64,1496,1560
1155,0,1496,1496
1156,0,1496,1496
1157,0,1496,1496
1158,0,1544,1544
1159,64,1544,1608
1160,64,1544,1608
1161,64,1544,1608
1162,64,1544,1608
1163,0,1544,1544
1164,0,1544,1544
1165,0,1544,1544
1166,0,1592,1592
1167,64,1592,1656
1168,64,1592,1656
1169,64,1592,1656
1170,64,1592,1656
1171,0,1592,1592
1172,0,1592,1592
1173,0,1592,1592
1174,0,1640,1640
1175,64,1640,1704
1176,64,1640,1704
1177,64,1640,1704
1178,64,1640,1704
1179,0,1640,1640
1180,0,1640,1640
1181,0,1640,1640
1182,0,1688,1688
1183,64,1688,1752
1184,64,1688,1752
1185,64,1688,1752
1186,64,1688,1752
1187,0,1688,1688
1188,0,1688,1688
1189,0,1688,1688
1190,0,1736,1736
1191,64,1736,1800
1192,64,1736,1800
1193,64,1736,1800
1194,64,1736,1800
1195,0,1736,1736
1196,0,1736,1736
1197,0,1736,1736
1198,0,1784,1784
1199,64,1784,1848
1200,64,1784,1848
1201,64,1784,1848
1202,64,1784,1848
1203,0,1784,1784
1204,0,1784,1784
1205,0,1784,1784
1206,0,1832,1832
1207,64,1832,1896
1208,64,1832,1896
1209,64,1832,1896
1210,64,1832,1896
1211,0,1832,1832
1212,0,1832,1832
1213,0,1832,1832
1214,0,1880,1880
1215,64,1880,1944
1216,64,1880,1944
1217,64,1880,1944
1218,64,1880,1944
1219,0,1880,1880
1220,0,1880,1880
1221,0,1880,1880
1222,0,1928,1928
1223,64,1928,1992
1224,64,1928,1992
1225,64,1928,1992
1226,64,1928,1992
1227,0,1928,1928
1228,0,1928,1928
1229,0,1928,1928
1230,0,1976,1976
1231,64,1976,2040
1232,64,1976,2040
1233,64,1976,2040
1234,64,1976,2040
1235,0,1976,1976
1236,0,1976,1976
1237,0,1928,1928
1238,0,1928,1928
1239,0,1976,1976
1240,64,1976,2040
1241,64,1976,2040
1242,64,1976,2040
1243,64,1976,2040
1244,0,1976,1976
1245,0,1976,1976
1246,0,1928,1928
1247,0,1928,1928
1248,0,1976,1976
1249,64,1976,2040
1250,64,1976,2040
1251,64,1976,2040
1252,64,1976,2040
1253,0,1976,1976
1254,0,1976,1976
1255,0,1928,1928
1256,0,1928,1928
1257,0,1976,1976
1258,64,1976,2040
1259,64,1976,2040
1260,64,1976,2040
1261,64,1976,2040
1262,0,1976,1976
1263,0,1976,1976
1264,0,1928,1928
1265,0,1928,1928
1266,0,2120,2120
1267,0,2312,2312
1268,0,2312,2312
1269,0,2264,2264
1270,0,2216,2216
1271,0,2168,2168
1272,0,2120,2120
1273,0,1928,1928
1274,0,2120,2120
1275,0,2312,2312
1276,0,2312,2312
1277,0,2264,2264
1278,0,2216,2216
1279,0,2168,2168
1280,0,2120,2120
1281,0,1928,1928
1282,0,2120,2120
1283,0,2312,2312
1284,0,2312,2312
1285,0,2264,2264
1286,0,2216,2216
1287,0,2168,2168
1288,0,2120,2120
1289,0,1928,1928
1290,0,2120,2120
1291,0,2312,2312
1292,0,2312,2312
1293,0,2264,2264
1294,0,2216,2216
1295,0,2168,2168
1296,0,2120,2120
1297,0,1928,1928
1298,0,2024,2024
1299,0,2408,2408
1300,0,2504,2504
1301,0,2888,2888
1302,0,2984,2984
1303,0,3368,3368
1304,0,3464,3464
1305,0,3848,3848
1306,144,3848,3992
1307,144,3848,3992
1308,288,3848,4136
1309,288,3848,4136
1310,432,3848,4280
1311,432,3848,4280
1312,576,3848,4424
1313,576,3848,4424
1314,720,3848,4568
1315,720,3848,4568
1316,864,3848,4712
1317,864,3848,4712
1318,1008,3848,4856
1319,1008,3848,4856
1320,1152,3848,5000
1321,1152,3848,5000
1322,1296,3848,5144
1323,1296,3848,5144
1324,1440,3848,5288
1325,1440,3848,5288
1326,1584,3848,5432
1327,1584,3848,5432
1328,1728,3848,5576
1329,1728,3848,5576
1330,1872,3848,5720
1331,1872,3848,5720
1332,2016,3848,5864
1333,2016,3848,5864
1334,2160,3848,6008
1335,2160,3848,6008
1336,2304,3848,6152
1337,2304,3848,6152
1338,2304,3848,6152
1339,2304,3848,6152
1340,2160,3848,6008
1341,2160,3848,6008
1342,2160,3848,6008
1343,2160,3848,6008
1344,2160,3848,6008
1345,2016,3848,5864
1346,2016,3848,5864
1347,2016,3848,5864
1348,2016,3848,5864
1349,2016,3848,5864
1350,1872,3848,5720
1351,1872,3848,5720
1352,1872,3848,5720
1353,1872,3848,5720
1354,1872,3848,5720
1355,1728,3848,5576
1356,1728,3848,5576
1357,1728,3656,5384
1358,1728,3272,5000
1359,1728,3272,5000
1360,1728,3272,5000
1361,1728,3272,5000
1362,1584,3272,4856
1363,1584,3272,4856
1364,1584,3272,4856
1365,1584,3272,4856
1366,1584,3272,4856
1367,1440,3272,4712
1368,1440,3272,4712
1369,1440,3272,4712
1370,1440,3272,4712
1371,1440,3272,4712
1372,1296,3272,4568
1373,1296,3272,4568
1374,1296,3272,4568
1375,1296,3272,4568
1376,1296,3272,4568
1377,1152,3272,4424
1378,1152,3272,4424
1379,1152,3080,4232
1380,1152,2696,3848
1381,1152,2696,3848
1382,1152,2696,3848
1383,1152,2696,3848
1384,1008,2696,3704
1385,1008,2696,3704
1386,1008,2696,3704
1387,1008,2696,3704
1388,1008,2696,3704
1389,864,2696,3560
1390,864,2696,3560
1391,864,2696,3560
1392,864,2696,3560
1393,864,2696,3560
1394,720,2696,3416
1395,720,2696,3416
1396,720,2696,3416
1397,720,2696,3416
1398,720,2696,3416
1399,576,2696,3272
1400,576,2696,3272
1401,576,2504,3080
1402,576,2120,2696
1403,576,2120,2696
1404,576,2120,2696
1405,576,2120,2696
1406,432,2120,2552
1407,432,2120,2552
1408,432,2024,2456
1409,432,2024,2456
1410,432,2024,2456
1411,432,2024,2456
1412,288,2024,2312
1413,288,2024,2312
1414,288,1928,2216
1415,288,1928,2216
1416,288,1928,2216
1417,288,1928,2216
1418,144,1928,2072
1419,144,1928,2072
1420,144,1832,1976
1421,144,1832,1976
1422,144,1832,1976
1423,144,1832,1976
1424,0,1832,1832
1425,0,1832,1832
1426,0,1736,1736
1427,0,1544,1544
1428,0,1160,1160
1429,0,1160,1160
1430,0,1352,1352
1431,0,1736,1736
1432,0,1928,1928
1433,0,2312,2312
1434,0,2504,2504
1435,0,2888,2888
1436,0,3080,3080
1437,0,3464,3464
1438,144,3464,3608
1439,144,3464,3608
1440,288,3464,3752
1441,288,3464,3752
1442,432,3464,3896
1443,432,3464,3896
1444,576,3464,4040
1445,576,3464,4040
1446,720,3464,4184
1447,720,3464,4184
1448,864,3464,4328
1449,864,3464,4328
1450,1008,3464,4472
1451,1008,3464,4472
1452,1152,3464,4616
1453,1152,3464,4616
1454,1296,3464,4760
1455,1296,3464,4760
1456,1440,3464,4904
1457,1440,3464,4904
1458,1584,3464,5048
1459,1584,3464,5048
1460,1728,3464,5192
1461,1728,3464,5192
1462,1872,3464,5336
1463,1872,3464,5336
1464,2016,3464,5480
1465,2016,3464,5480
1466,2160,3464,5624
1467,2160,3464,5624
1468,2304,3464,5768
1469,2304,3464,5768
1470,2304,3464,5768
1471,2304,3464,5768
1472,2160,3464,5624
1473,2160,3464,5624
1474,2160,3464,5624
1475,2160,3464,5624
1476,2160,3464,5624
1477,2016,3464,5480
1478,2016,3464,5480
1479,2016,3464,5480
1480,2016,3464,5480
1481,2016,3464,5480
1482,1872,3464,5336
1483,1872,3464,5336
1484,1872,3464,5336
1485,1872,3464,5336
1486,1872,3464,5336
1487,1728,3464,5192
1488,1728,3464,5192
1489,1728,3463,5191
1490,1728,3079,4807
1491,1728,3079,4807
1492,1728,3079,4807
1493,1728,3079,4807
1494,1584,3079,4663
1495,1584,3079,4663
1496,1584,3079,4663
1497,1584,3079,4663
1498,1584,3079,4663
1499,1440,3079,4519
1500,1440,3079,4519
1501,1440,3079,4519
1502,1440,3079,4519
1503,1440,3079,4519
1504,1296,3079,4375
1505,1296,3079,4375
1506,1296,3079,4375
1507,1296,3079,4375
1508,1296,3079,4375
1509,1152,3079,4231
1510,1152,3079,4231
1511,1152,3078,4230
1512,1152,2694,3846
1513,1152,2694,3846
1514,1152,2694,3846
1515,1152,2694,3846
1516,1008,2694,3702
1517,1008,2694,3702
1518,1008,2694,3702
1519,1008,2694,3702
1520,1008,2694,3702
1521,864,2694,3558
1522,864,2694,3558
1523,864,2694,3558
1524,864,2694,3558
1525,864,2694,3558
1526,720,2694,3414
1527,720,2694,3414
1528,720,2694,3414
1529,720,2694,3414
1530,720,2694,3414
1531,576,2694,3270
1532,576,2694,3270
1533,576,2693,3269
1534,576,2309,2885
1535,576,2309,2885
1536,576,2309,2885
1537,576,2309,2885
1538,432,2309,2741
1539,432,2309,2741
1540,432,2213,2645
1541,432,2213,2645
1542,432,2213,2645
1543,432,2213,2645
1544,288,2213,2501
1545,288,2213,2501
1546,288,2117,2405
1547,288,2117,2405
1548,288,2117,2405
1549,288,2117,2405
1550,144,2117,2261
1551,144,2117,2261
1552,144,2021,2165
1553,144,2021,2165
1554,144,2021,2165
1555,144,2021,2165
1556,0,2021,2021
1557,0,2021,2021
1558,0,2020,2020
1559,0,1924,1924
1560,0,1540,1540
1561,0,1540,1540
1562,0,1732,1732
1563,64,1732,1796
1564,64,1732,1796
1565,64,1732,1796
1566,64,1732,1796
1567,0,1732,1732
1568,0,1732,1732
1569,0,1732,1732
1570,0,1924,1924
1571,64,1924,1988
1572,64,1924,1988
1573,64,1924,1988
1574,64,1924,1988
1575,0,1924,1924
1576,0,1924,1924
1577,0,1924,1924
1578,0,2116,2116
1579,64,2116,2180
1580,64,2116,2180
1581,64,2116,2180
1582,64,2116,2180
1583,0,2116,2116
1584,0,2116,2116
1585,0,2116,2116
1586,0,2308,2308
1587,64,2308,2372
1588,64,2308,2372
1589,64,2308,2372
1590,64,2308,2372
1591,0,2308,2308
1592,0,2308,2308
1593,0,2308,2308
1594,0,2500,2500
1595,64,2500,2564
1596,64,2500,2564
1597,64,2500,2564
1598,64,2500,2564
1599,0,2500,2500
1600,0,2500,2500
1601,0,2500,2500
1602,0,2692,2692
1603,64,2692,2756
1604,64,2692,2756
1605,64,2692,2756
1606,64,2692,2756
1607,0,2692,2692
1608,0,2692,2692
1609,0,2692,2692
1610,0,2884,2884
1611,64,2884,2948
1612,64,2884,2948
1613,64,2884,2948
1614,64,2884,2948
1615,0,2884,2884
1616,0,2884,2884
1617,0,2884,2884
1618,0,3076,3076
1619,64,3076,3140
1620,64,3076,3140
1621,64,3076,3140
1622,64,3076,3140
1623,0,3076,3076
1624,0,3076,3076
1625,0,3076,3076
1626,0,3268,3268
1627,64,3268,3332
1628,64,3268,3332
1629,64,3268,3332
1630,64,3268,3332
1631,0,3268,3268
1632,0,3268,3268
1633,0,3268,3268
1634,0,3460,3460
1635,64,3460,3524
1636,64,3460,3524
1637,64,3460,3524
1638,64,3460,3524
1639,0,3460,3460
1640,0,3460,3460
1641,0,3460,3460
1642,0,3652,3652
1643,64,3652,3716
1644,64,3652,3716
1645,64,3652,3716
1646,64,3652,3716
1647,0,3652,3652
1648,0,3652,3652
1649,0,3652,3652
1650,0,3844,3844
1651,64,3844,3908
1652,64,3844,3908
1653,64,3844,3908
1654,64,3844,3908
1655,0,3844,3844
1656,0,3844,3844
1657,0,3844,3844
1658,0,4036,4036
1659,64,4036,4100
1660,64,4036,4100
1661,64,4036,4100
1662,64,4036,4100
1663,0,4036,4036
1664,0,4036,4036
1665,0,3844,3844
1666,0,3844,3844
1667,0,4036,4036
1668,64,4036,4100
1669,64,4036,4100
1670,64,4036,4100
1671,64,4036,4100
1672,0,4036,4036
1673,0,4036,4036
1674,0,3844,3844
1675,0,3844,3844
1676,0,4036,4036
1677,64,4036,4100
1678,64,4036,4100
1679,64,4036,4100
1680,64,4036,4100
1681,0,4036,4036
1682,0,4036,4036
1683,0,3844,3844
1684,0,3844,3844
1685,0,4036,4036
1686,64,4036,4100
1687,64,4036,4100
1688,64,4036,4100
1689,64,4036,4100
1690,0,4036,4036
1691,0,4036,4036
1692,0,3844,3844
1693,0,3844,3844
1694,0,4612,4612
1695,0,5380,5380
1696,0,5380,5380
1697,0,5188,5188
1698,0,4996,4996
1699,0,4804,4804
1700,0,4612,4612
1701,0,3844,3844
1702,0,4612,4612
1703,0,5380,5380
1704,0,5380,5380
1705,0,5188,5188
1706,0,4996,4996
1707,0,4804,4804
1708,0,4612,4612
1709,0,3844,3844
1710,0,4612,4612
1711,0,5380,5380
1712,0,5380,5380
1713,0,5188,5188
1714,0,4996,4996
1715,0,4804,4804
1716,0,4612,4612
1717,0,3844,3844
1718,0,4612,4612
1719,0,5380,5380
1720,0,5380,5380
1721,0,5188,5188
1722,0,4996,4996
1723,0,4804,4804
1724,0,4612,4612
1725,0,3844,3844
1726,0,4228,4228
1727,0,5764,5764
1728,0,6148,6148
1729,0,7684,7684
1730,0,8068,8068
1731,0,9604,9604
1732,0,9988,9988
1733,0,11524,11524
1734,144,11524,11668
1735,144,11524,11668
1736,288,11524,11812
1737,288,11524,11812
1738,432,11524,11956
1739,432,11524,11956
1740,576,11524,12100
1741,576,11524,12100
1742,720,11524,12244
1743,720,11524,12244
1744,864,11524,12388
1745,864,11524,12388
1746,1008,11524,12532
1747,1008,11524,12532
1748,1152,11524,12676
1749,1152,11524,12676
1750,1152,11524,12676
1751,1152,11524,12676
1752,1008,11524,12532
1753,1008,11524,12532
1754,1008,11524,12532
1755,1008,11524,12532
1756,1008,11524,12532
1757,864,11524,12388
1758,864,11524,12388
1759,864,10756,11620
1760,864,9220,10084
1761,864,9220,10084
1762,864,9220,10084
1763,864,9220,10084
1764,720,9220,9940
1765,720,9220,9940
1766,720,9220,9940
1767,720,9220,9940
1768,720,9220,9940
1769,576,9220,9796
1770,576,9220,9796
1771,576,8452,9028
1772,576,6916,7492
1773,576,6916,7492
1774,576,6916,7492
1775,576,6916,7492
1776,432,6916,7348
1777,432,6916,7348
1778,432,6916,7348
1779,432,6916,7348
1780,432,6916,7348
1781,288,6916,7204
1782,288,6916,7204
1783,288,6148,6436
1784,288,4612,4900
1785,288,4612,4900
1786,288,4612,4900
1787,288,4612,4900
1788,144,4612,4756
1789,144,4612,4756
1790,144,4228,4372
1791,144,4228,4372
1792,144,4228,4372
1793,144,4228,4372
1794,0,4228,4228
1795,0,4228,4228
1796,0,3844,3844
1797,0,3076,3076
1798,0,1540,1540
1799,0,1540,1540
1800,0,1924,1924
1801,0,3460,3460
1802,0,3844,3844
1803,0,5380,5380
1804,0,5764,5764
1805,0,7300,7300
1806,0,7684,7684
1807,0,9220,9220
1808,144,9220,9364
1809,144,9220,9364
1810,288,9220,9508
1811,288,9220,9508
1812,432,9220,9652
1813,432,9220,9652
1814,576,9220,9796
1815,576,9220,9796
1816,720,9220,9940
1817,720,9220,9940
1818,864,9220,10084
1819,864,9220,10084
1820,1008,9220,10228
1821,1008,9220,10228
1822,1152,9220,10372
1823,1152,9220,10372
1824,1296,9220,10516
1825,1296,9220,10516
1826,1440,9220,10660
1827,1440,9220,10660
1828,1584,9220,10804
1829,1584,9220,10804
1830,1728,9220,10948
1831,1728,9220,10948
1832,1872,9220,11092
1833,1872,9220,11092
1834,2016,9220,11236
1835,2016,9220,11236
1836,2160,9220,11380
1837,2160,9220,11380
1838,2304,9220,11524
1839,2304,9220,11524
1840,2304,9220,11524
1841,2304,9220,11524
1842,2160,9220,11380
1843,2160,9220,11380
1844,2160,9220,11380
1845,2160,9220,11380
1846,2160,9220,11380
1847,2016,9220,11236
1848,2016,9220,11236
1849,2016,9220,11236
1850,2016,9220,11236
1851,2016,9220,11236
1852,1872,9220,11092
1853,1872,9220,11092
1854,1872,9220,11092
1855,1872,9220,11092
1856,1872,9220,11092
1857,1728,9220,10948
1858,1728,9220,10948
1859,1728,7684,9412
1860,1728,7684,9412
1861,1728,7684,9412
1862,1728,7684,9412
1863,1584,7684,9268
1864,1584,7684,9268
1865,1584,7684,9268
1866,1584,7684,9268
1867,1584,7684,9268
1868,1440,7684,9124
1869,1440,7684,9124
1870,1440,7684,9124
1871,1440,7684,9124
1872,1440,7684,9124
1873,1296,7684,8980
1874,1296,7684,8980
1875,1296,7684,8980
1876,1296,7684,8980
1877,1296,7684,8980
1878,1152,7684,8836
1879,1152,7684,8836
1880,1152,6148,7300
1881,1152,6148,7300
1882,1152,6148,7300
1883,1152,6148,7300
1884,1008,6148,7156
1885,1008,6148,7156
1886,1008,6148,7156
1887,1008,6148,7156
1888,1008,6148,7156
1889,864,6148,7012
1890,864,6148,7012
1891,864,6148,7012
1892,864,6148,7012
1893,864,6148,7012
1894,720,6148,6868
1895,720,6148,6868
1896,720,6148,6868
1897,720,6148,6868
1898,720,6148,6868
1899,576,6148,6724
1900,576,6148,6724
1901,576,4612,5188
1902,576,4612,5188
1903,576,4612,5188
1904,576,4612,5188
1905,432,4612,5044
1906,432,4612,5044
1907,432,4228,4660
1908,432,4228,4660
1909,432,4228,4660
1910,432,4228,4660
1911,288,4228,4516
1912,288,4228,4516
1913,288,3844,4132
1914,288,3844,4132
1915,288,3844,4132
1916,288,3844,4132
1917,144,3844,3988
1918,144,3844,3988
1919,144,3460,3604
1920,144,3460,3604
1921,144,3460,3604
1922,144,3460,3604
1923,0,3460,3460
1924,0,3460,3460
1925,0,3076,3076
1926,0,1540,1540
1927,0,1540,1540
1928,0,1924,1924
1929,0,3460,3460
1930,0,3844,3844
1931,0,5380,5380
1932,0,5764,5764
1933,0,7300,7300
1934,0,7684,7684
1935,0,9220,9220
1936,144,9220,9364
1937,144,9220,9364
1938,288,9220,9508
1939,288,9220,9508
1940,432,9220,9652
1941,432,9220,9652
1942,576,9220,9796
1943,576,9220,9796
1944,720,9220,9940
1945,720,9220,9940
1946,864,9220,10084
1947,864,9220,10084
1948,1008,9220,10228
1949,1008,9220,10228
1950,1152,9220,10372
1951,1152,9220,10372
1952,1296,9220,10516
1953,1296,9220,10516
1954,1440,9220,10660
1955,1440,9220,10660
1956,1584,9220,10804
1957,1584,9220,10804
1958,1728,9220,10948
1959,1728,9220,10948
1960,1872,9220,11092
1961,1872,9220,11092
1962,2016,9220,11236
1963,2016,9220,11236
1964,2160,9220,11380
1965,2160,9220,11380
1966,2304,9220,11524
1967,2304,9220,11524
1968,2304,9220,11524
1969,2304,9220,11524
1970,2160,9220,11380
1971,2160,9220,11380
1972,2160,9220,11380
1973,2160,9220,11380
1974,2160,9220,11380
1975,2016,9220,11236
1976,2016,9220,11236
1977,2016,9220,11236
1978,2016,9220,11236
1979,2016,9220,11236
1980,1872,9220,11092
1981,1872,9220,11092
1982,1872,9220,11092
1983,1872,9220,11092
1984,1872,9220,11092
1985,1728,9220,10948
1986,1728,9220,10948
1987,1728,9219,10947
1988,1728,7683,9411
1989,1728,7683,9411
1990,1728,7683,9411
1991,1728,7683,9411
1992,1584,7683,9267
1993,1584,7683,9267
1994,1584,7683,9267
1995,1584,7683,9267
1996,1584,7683,9267
1997,1440,7683,9123
1998,1440,7683,9123
1999,1440,7683,9123
2000,1440,7683,9123
2001,1440,7683,9123
2002,1296,7683,8979
2003,1296,7683,8979
2004,1296,7683,8979
2005,1296,7683,8979
2006,1296,7683,8979
2007,1152,7683,8835
2008,1152,7683,8835
2009,1152,7682,8834
2010,1152,6146,7298
2011,1152,6146,7298
2012,1152,6146,7298
2013,1152,6146,7298
2014,1008,6146,7154
2015,1008,6146,7154
2016,1008,6146,7154
2017,1008,6146,7154
2018,1008,6146,7154
2019,864,6146,7010
2020,864,6146,7010
2021,864,6146,7010
2022,864,6146,7010
2023,864,6146,7010
2024,720,6146,6866
2025,720,6146,6866
2026,720,6146,6866
2027,720,6146,6866
2028,720,6146,6866
2029,576,6146,6722
2030,576,6146,6722
2031,576,6145,6721
2032,576,4609,5185
2033,576,4609,5185
2034,576,4609,5185
2035,576,4609,5185
2036,432,4609,5041
2037,432,4609,5041
2038,432,4225,4657
2039,432,4225,4657
2040,432,4225,4657
2041,432,4225,4657
2042,288,4225,4513
2043,288,4225,4513
2044,288,3841,4129
2045,288,3841,4129
2046,288,3841,4129
2047,288,3841,4129
2048,144,3841,3985
2049,144,3841,3985
2050,144,3457,3601
2051,144,3457,3601
2052,144,3457,3601
2053,144,3457,3601
2054,0,3457,3457
2055,0,3457,3457
2056,0,3456,3456
2057,0,3072,3072
2058,0,1536,1536
2059,0,1536,1536
2060,0,2304,2304
2061,0,3840,3840
2062,0,4608,4608
2063,0,6144,6144
2064,0,6912,6912
2065,0,8448,8448
2066,0,9216,9216
2067,0,10752,10752
2068,144,10752,10896
2069,144,10752,10896
2070,288,10752,11040
2071,288,10752,11040
2072,432,10752,11184
2073,432,10752,11184
2074,576,10752,11328
2075,576,10752,11328
2076,720,10752,11472
2077,720,10752,11472
2078,864,10752,11616
2079,864,10752,11616
2080,1008,10752,11760
2081,1008,10752,11760
2082,1152,10752,11904
2083,1152,10752,11904
2084,1296,10752,12048
2085,1296,10752,12048
2086,1440,10752,12192
2087,1440,10752,12192
2088,1584,10752,12336
2089,1584,10752,12336
2090,1728,10752,12480
2091,1728,10752,12480
2092,1872,10752,12624
2093,1872,10752,12624
2094,2016,10752,12768
2095,2016,10752,12768
2096,2160,10752,12912
2097,2160,10752,12912
2098,2304,10752,13056
2099,2304,10752,13056
2100,2304,10752,13056
2101,2304,10752,13056
2102,2160,10752,12912
2103,2160,10752,12912
2104,2160,10752,12912
2105,2160,10752,12912
2106,2160,10752,12912
2107,2016,10752,12768
2108,2016,10752,12768
2109,2016,10752,12768
2110,2016,10752,12768
2111,2016,10752,12768
2112,1872,10752,12624
2113,1872,10752,12624
2114,1872,10752,12624
2115,1872,10752,12624
2116,1872,10752,12624
2117,1728,10752,12480
2118,1728,10752,12480
2119,1728,9216,10944
2120,1728,9216,10944
2121,1728,9216,10944
2122,1728,9216,10944
2123,1584,9216,10800
2124,1584,9216,10800
2125,1584,9216,10800
2126,1584,9216,10800
2127,1584,9216,10800
2128,1440,9216,10656
2129,1440,9216,10656
2130,1440,9216,10656
2131,1440,9216,10656
2132,1440,9216,10656
2133,1296,9216,10512
2134,1296,9216,10512
2135,1296,9216,10512
2136,1296,9216,10512
2137,1296,9216,10512
2138,1152,9216,10368
2139,1152,9216,10368
2140,1152,7680,8832
2141,1152,7680,8832
2142,1152,7680,8832
2143,1152,7680,8832
2144,1008,7680,8688
2145,1008,7680,8688
2146,1008,7680,8688
2147,1008,7680,8688
2148,1008,7680,8688
2149,864,7680,8544
2150,864,7680,8544
2151,864,7680,8544
2152,864,7680,8544
2153,864,7680,8544
2154,720,7680,8400
2155,720,7680,8400
2156,720,7680,8400
2157,720,7680,8400
2158,720,7680,8400
2159,576,7680,8256
2160,576,7680,8256
2161,576,6144,6720
2162,576,6144,6720
2163,576,6144,6720
2164,576,6144,6720
2165,432,6144,6576
2166,432,6144,6576
2167,432,5760,6192
2168,432,5760,6192
2169,432,5760,6192
2170,432,5760,6192
2171,288,5760,6048
2172,288,5760,6048
2173,288,5376,5664
2174,288,5376,5664
2175,288,5376,5664
2176,288,5376,5664
2177,144,5376,5520
2178,144,5376,5520
2179,144,4992,5136
2180,144,4992,5136
2181,144,4992,5136
2182,144,4992,5136
2183,0,4992,4992
2184,0,4992,4992
2185,0,4608,4608
2186,0,3072,3072
2187,0,3072,3072
2188,0,3840,3840
2189,0,5376,5376
2190,0,6144,6144
2191,0,7680,7680
2192,0,8448,8448
2193,0,9984,9984
2194,0,10752,10752
2195,0,12288,12288
2196,144,12288,12432
2197,144,12288,12432
2198,288,12288,12576
2199,288,12288,12576
2200,432,12288,12720
2201,432,12288,12720
2202,576,12288,12864
2203,576,12288,12864
2204,720,12288,13008
2205,720,12288,13008
2206,864,12288,13152
2207,864,12288,13152
2208,1008,12288,13296
2209,1008,12288,13296
2210,1152,12288,13440
2211,1152,12288,13440
2212,1296,12288,13584
2213,1296,12288,13584
2214,1440,12288,13728
2215,1440,12288,13728
2216,1584,12288,13872
2217,1584,12288,13872
2218,1728,12288,14016
2219,1728,12288,14016
2220,1872,12288,14160
2221,1872,12288,14160
2222,2016,12288,14304
2223,2016,12288,14304
2224,2160,12288,14448
2225,2160,12288,14448
2226,2304,12288,14592
2227,2304,12288,14592
2228,2304,12288,14592
2229,2304,12288,14592
2230,2160,12288,14448
2231,2160,12288,14448
2232,2160,12288,14448
2233,2160,12288,14448
2234,2160,12288,14448
2235,2016,12288,14304
2236,2016,12288,14304
2237,2016,12288,14304
2238,2016,12288,14304
2239,2016,12288,14304
2240,1872,12288,14160
2241,1872,12288,14160
2242,1872,12288,14160
2243,1872,12288,14160
2244,1872,12288,14160
2245,1728,12288,14016
2246,1728,12288,14016
2247,1728,10752,12480
2248,1728,10752,12480
2249,1728,10752,12480
2250,1728,10752,12480
2251,1584,10752,12336
2252,1584,10752,12336
2253,1584,10752,12336
2254,1584,10752,12336
2255,1584,10752,12336
2256,1440,10752,12192
2257,1440,10752,12192
2258,1440,10752,12192
2259,1440,10752,12192
2260,1440,10752,12192
2261,1296,10752,12048
2262,1296,10752,12048
2263,1296,10752,12048
2264,1296,10752,12048
2265,1296,10752,12048
2266,1152,10752,11904
2267,1152,10752,11904
2268,1152,9216,10368
2269,1152,9216,10368
2270,1152,9216,10368
2271,1152,9216,10368
2272,1008,9216,10224
2273,1008,9216,10224
2274,1008,9216,10224
2275,1008,9216,10224
2276,1008,9216,10224
2277,864,9216,10080
2278,864,9216,10080
2279,864,9216,10080
2280,864,9216,10080
2281,864,9216,10080
2282,720,9216,9936
2283,720,9216,9936
2284,720,9216,9936
2285,720,9216,9936
2286,720,9216,9936
2287,576,9216,9792
2288,576,9216,9792
2289,576,7680,8256
2290,576,7680,8256
2291,576,7680,8256
2292,576,7680,8256
2293,432,7680,8112
2294,432,7680,8112
2295,432,6912,7344
2296,432,6912,7344
2297,432,6912,7344
2298,432,6912,7344
2299,288,6912,7200
2300,288,6912,7200
2301,288,6144,6432
2302,288,6144,6432
2303,288,6144,6432
2304,288,6144,6432
2305,144,6144,6288
2306,144,6144,6288
2307,144,5376,5520
2308,144,5376,5520
2309,144,5376,5520
2310,144,5376,5520
2311,0,5376,5376
2312,0,5376,5376
2313,0,4608,4608
2314,0,3072,3072
2315,0,3072,3072
2316,0,3840,3840
2317,0,5376,5376
2318,0,6144,6144
2319,0,7680,7680
2320,0,8448,8448
2321,0,9984,9984
2322,0,10752,10752
2323,0,12288,12288
2324,144,12288,12432
2325,144,12288,12432
2326,288,12288,12576
2327,288,12288,12576
2328,432,12288,12720
2329,432,12288,12720
2330,576,12288,12864
2331,576,12288,12864
2332,720,12288,13008
2333,720,12288,13008
2334,864,12288,13152
2335,864,12288,13152
2336,1008,12288,13296
2337,1008,12288,13296
2338,1152,12288,13440
2339,1152,12288,13440
2340,1296,12288,13584
2341,1296,12288,13584
2342,1440,12288,13728
2343,1440,12288,13728
2344,1584,12288,13872
2345,1584,12288,13872
2346,1728,12288,14016
2347,1728,12288,14016
2348,1872,12288,14160
2349,1872,12288,14160
2350,2016,12288,14304
2351,2016,12288,14304
2352,2160,12288,14448
2353,2160,12288,14448
2354,2304,12288,14592
2355,2304,12288,14592
2356,2304,12288,14592
2357,2304,12288,14592
2358,2160,12288,14448
2359,2160,12288,14448
2360,2160,12288,14448
2361,2160,12288,14448
2362,2160,12288,14448
2363,2016,12288,14304
2364,2016,12288,14304
2365,2016,12288,14304
2366,2016,12288,14304
2367,2016,12288,14304
2368,1872,12288,14160
2369,1872,12288,14160
2370,1872,12288,14160
2371,1872,12288,14160
2372,1872,12288,14160
2373,1728,12288,14016
2374,1728,12288,14016
2375,1728,10752,12480
2376,1728,10752,12480
2377,1728,10752,12480
2378,1728,10752,12480
2379,1584,10752,12336
2380,1584,10752,12336
2381,1584,10752,12336
2382,1584,10752,12336
2383,1584,10752,12336
2384,1440,10752,12192
2385,1440,10752,12192
2386,1440,10752,12192
2387,1440,10752,12192
2388,1440,10752,12192
2389,1296,10752,12048
2390,1296,10752,12048
2391,1296,10752,12048
2392,1296,10752,12048
2393,1296,10752,12048
2394,1152,10752,11904
2395,1152,10752,11904
2396,1152,9216,10368
2397,1152,9216,10368
2398,1152,9216,10368
2399,1152,9216,10368
2400,1008,9216,10224
2401,1008,9216,10224
2402,1008,9216,10224
2403,1008,9216,10224
2404,1008,9216,10224
2405,864,9216,10080
2406,864,9216,10080
2407,864,9216,10080
2408,864,9216,10080
2409,864,9216,10080
2410,720,9216,9936
2411,720,9216,9936
2412,720,9216,9936
2413,720,9216,9936
2414,720,9216,9936
2415,576,9216,9792
2416,576,9216,9792
2417,576,7680,8256
2418,576,7680,8256
2419,576,7680,8256
2420,576,7680,8256
2421,432,7680,8112
2422,432,7680,8112
2423,432,6912,7344
2424,432,6912,7344
2425,432,6912,7344
2426,432,6912,7344
2427,288,6912,7200
2428,288,6912,7200
2429,288,6144,6432
2430,288,6144,6432
2431,288,6144,6432
2432,288,6144,6432
2433,144,6144,6288
2434,144,6144,6288
2435,144,5376,5520
2436,144,5376,5520
2437,144,5376,5520
2438,144,5376,5520
2439,0,5376,5376
2440,0,5376,5376
2441,0,4608,4608
2442,0,3072,3072
2443,0,3072,3072
2444,0,3840,3840
2445,0,5376,5376
2446,0,6144,6144
2447,0,7680,7680
2448,0,8448,8448
2449,0,9984,9984
2450,0,10752,10752
2451,0,12288,12288
2452,144,12288,12432
2453,144,12288,12432
2454,288,12288,12576
2455,288,12288,12576
2456,432,12288,12720
2457,432,12288,12720
2458,576,12288,12864
2459,576,12288,12864
2460,720,12288,13008
2461,720,12288,13008
2462,864,12288,13152
2463,864,12288,13152
2464,1008,12288,13296
2465,1008,12288,13296
2466,1152,12288,13440
2467,1152,12288,13440
2468,1296,12288,13584
2469,1296,12288,13584
2470,1440,12288,13728
2471,1440,12288,13728
2472,1584,12288,13872
2473,1584,12288,13872
2474,1728,12288,14016
2475,1728,12288,14016
2476,1872,12288,14160
2477,1872,12288,14160
2478,2016,12288,14304
2479,2016,12288,14304
2480,2160,12288,14448
2481,2160,12288,14448
2482,2304,12288,14592
2483,2304,12288,14592
2484,2304,12288,14592
2485,2304,12288,14592
2486,2160,12288,14448
2487,2160,12288,14448
2488,2160,12288,14448
2489,2160,12288,14448
2490,2160,12288,14448
2491,2016,12288,14304
2492,2016,12288,14304
2493,2016,12288,14304
2494,2016,12288,14304
2495,2016,12288,14304
2496,1872,12288,14160
2497,1872,12288,14160
2498,1872,12288,14160
2499,1872,12288,14160
2500,1872,12288,14160
2501,1728,12288,14016
2502,1728,12288,14016
2503,1728,10752,12480
2504,1728,10752,12480
2505,1728,10752,12480
2506,1728,9984,11712
2507,1728,9984,11712
2508,1728,9984,11712
2509,1584,9984,11568
2510,1584,9984,11568
2511,1584,9984,11568
2512,1584,9984,11568
2513,1584,9984,11568
2514,1440,9984,11424
2515,1440,9984,11424
2516,1440,9984,11424
2517,1440,9984,11424
2518,1440,9984,11424
2519,1296,9984,11280
2520,1296,9984,11280
2521,1296,9984,11280
2522,1296,9984,11280
2523,1296,9984,11280
2524,1152,9984,11136
2525,1152,9984,11136
2526,1152,8448,9600
2527,1152,8448,9600
2528,1152,8448,9600
2529,1152,7680,8832
2530,1152,7680,8832
2531,1152,7680,8832
2532,1008,7680,8688
2533,1008,7680,8688
2534,1008,7680,8688
2535,1008,7680,8688
2536,1008,7680,8688
2537,864,7680,8544
2538,864,7680,8544
2539,864,7680,8544
2540,864,7680,8544
2541,864,7680,8544
2542,720,7680,8400
2543,720,7680,8400
2544,720,7680,8400
2545,720,7680,8400
2546,720,7680,8400
2547,576,7680,8256
2548,576,7680,8256
2549,576,6144,6720
2550,576,6144,6720
2551,576,6144,6720
2552,576,5376,5952
2553,576,5376,5952
2554,576,5376,5952
2555,432,5376,5808
2556,432,5376,5808
2557,432,4608,5040
2558,432,4608,5040
2559,432,4608,5040
2560,432,4608,5040
2561,288,4608,4896
2562,288,4608,4896
2563,288,3840,4128
2564,288,3840,4128
2565,288,3840,4128
2566,288,3840,4128
2567,144,3840,3984
2568,144,3840,3984
2569,144,3072,3216
2570,144,3072,3216
2571,144,3072,3216
2572,144,3072,3216
2573,0,3072,3072
2574,0,3072,3072
2575,0,2304,2304
2576,0,768,768
2577,0,768,768
2578,0,768,768
2579,0,0,0
