inst_id,regime,target_cache,n_nodes,solver,extra,backed_volume,generated_volume,spill_volume,spills,valid,violations,wall_seconds
synth_000,capacity_bound,L0C,35,v2,224,224,0,224,2,True,0,0.008963
synth_000,capacity_bound,L0C,35,prev_portfolio,224,224,0,224,2,True,0,
synth_000,capacity_bound,L0C,35,cp_list,560,560,0,560,5,True,0,
synth_000,capacity_bound,L0C,35,cp_free_first,336,336,0,336,3,True,0,
synth_000,capacity_bound,L0C,35,pressure_uniform,224,224,0,224,2,True,0,
synth_000,capacity_bound,L0C,35,goodman_hsu,224,224,0,224,2,True,0,
synth_000,capacity_bound,L0C,35,random_best,688,688,0,688,7,True,0,
synth_001,order_reachable,L1,38,v2,0,0,0,0,0,True,0,0.007272
synth_001,order_reachable,L1,38,prev_portfolio,0,0,0,0,0,True,0,
synth_001,order_reachable,L1,38,cp_list,1024,0,512,512,1,True,0,
synth_001,order_reachable,L1,38,cp_free_first,0,0,0,0,0,True,0,
synth_001,order_reachable,L1,38,pressure_uniform,0,0,0,0,0,True,0,
synth_001,order_reachable,L1,38,goodman_hsu,256,256,0,256,1,True,0,
synth_001,order_reachable,L1,38,random_best,0,0,0,0,0,True,0,
synth_002,capacity_bound,UB,40,v2,1088,0,544,544,2,True,0,0.006978
synth_002,capacity_bound,UB,40,prev_portfolio,1088,0,544,544,2,True,0,
synth_002,capacity_bound,UB,40,cp_list,2464,288,1088,1376,6,True,0,
synth_002,capacity_bound,UB,40,cp_free_first,2176,0,1088,1088,4,True,0,
synth_002,capacity_bound,UB,40,pressure_uniform,1520,432,544,976,5,True,0,
synth_002,capacity_bound,UB,40,goodman_hsu,1632,0,816,816,3,True,0,
synth_002,capacity_bound,UB,40,random_best,3984,720,1632,2352,11,True,0,
synth_003,order_reachable,L0C,40,v2,0,0,0,0,0,True,0,0.003295
synth_003,order_reachable,L0C,40,prev_portfolio,0,0,0,0,0,True,0,
synth_003,order_reachable,L0C,40,cp_list,384,384,0,384,5,True,0,
synth_003,order_reachable,L0C,40,cp_free_first,0,0,0,0,0,True,0,
synth_003,order_reachable,L0C,40,pressure_uniform,192,192,0,192,3,True,0,
synth_003,order_reachable,L0C,40,goodman_hsu,48,48,0,48,1,True,0,
synth_003,order_reachable,L0C,40,random_best,336,336,0,336,5,True,0,
synth_004,capacity_bound,L1,34,v2,1376,1376,0,1376,2,True,0,0.01092
synth_004,capacity_bound,L1,34,prev_portfolio,1376,1376,0,1376,2,True,0,
synth_004,capacity_bound,L1,34,cp_list,2064,2064,0,2064,3,True,0,
synth_004,capacity_bound,L1,34,cp_free_first,1376,1376,0,1376,2,True,0,
synth_004,capacity_bound,L1,34,pressure_uniform,1376,1376,0,1376,2,True,0,
synth_004,capacity_bound,L1,34,goodman_hsu,2064,2064,0,2064,3,True,0,
synth_004,capacity_bound,L1,34,random_best,2064,2064,0,2064,3,True,0,
synth_005,order_reachable,UB,30,v2,0,0,0,0,0,True,0,0.002726
synth_005,order_reachable,UB,30,prev_portfolio,0,0,0,0,0,True,0,
synth_005,order_reachable,UB,30,cp_list,0,0,0,0,0,True,0,
synth_005,order_reachable,UB,30,cp_free_first,0,0,0,0,0,True,0,
synth_005,order_reachable,UB,30,pressure_uniform,0,0,0,0,0,True,0,
synth_005,order_reachable,UB,30,goodman_hsu,0,0,0,0,0,True,0,
synth_005,order_reachable,UB,30,random_best,0,0,0,0,0,True,0,
synth_006,capacity_bound,L0C,39,v2,448,0,224,224,2,True,0,0.004741
synth_006,capacity_bound,L0C,39,prev_portfolio,448,0,224,224,2,True,0,
synth_006,capacity_bound,L0C,39,cp_list,1184,64,560,624,6,True,0,
synth_006,capacity_bound,L0C,39,cp_free_first,896,0,448,448,4,True,0,
synth_006,capacity_bound,L0C,39,pressure_uniform,800,128,336,464,5,True,0,
synth_006,capacity_bound,L0C,39,goodman_hsu,448,0,224,224,2,True,0,
synth_006,capacity_bound,L0C,39,random_best,1152,256,448,704,8,True,0,
synth_007,order_reachable,L1,32,v2,0,0,0,0,0,True,0,0.007032
synth_007,order_reachable,L1,32,prev_portfolio,0,0,0,0,0,True,0,
synth_007,order_reachable,L1,32,cp_list,1376,1376,0,1376,2,True,0,
synth_007,order_reachable,L1,32,cp_free_first,0,0,0,0,0,True,0,
synth_007,order_reachable,L1,32,pressure_uniform,0,0,0,0,0,True,0,
synth_007,order_reachable,L1,32,goodman_hsu,688,688,0,688,1,True,0,
synth_007,order_reachable,L1,32,random_best,688,688,0,688,1,True,0,
synth_008,capacity_bound,UB,44,v2,544,544,0,544,2,True,0,0.007594
synth_008,capacity_bound,UB,44,prev_portfolio,544,544,0,544,2,True,0,
synth_008,capacity_bound,UB,44,cp_list,1936,1936,0,1936,9,True,0,
synth_008,capacity_bound,UB,44,cp_free_first,1360,1360,0,1360,5,True,0,
synth_008,capacity_bound,UB,44,pressure_uniform,1104,1104,0,1104,5,True,0,
synth_008,capacity_bound,UB,44,goodman_hsu,1088,1088,0,1088,4,True,0,
synth_008,capacity_bound,UB,44,random_best,2896,2896,0,2896,13,True,0,
synth_009,order_reachable,L0C,46,v2,0,0,0,0,0,True,0,0.003144
synth_009,order_reachable,L0C,46,prev_portfolio,0,0,0,0,0,True,0,
synth_009,order_reachable,L0C,46,cp_list,256,0,128,128,2,True,0,
synth_009,order_reachable,L0C,46,cp_free_first,0,0,0,0,0,True,0,
synth_009,order_reachable,L0C,46,pressure_uniform,0,0,0,0,0,True,0,
synth_009,order_reachable,L0C,46,goodman_hsu,32,32,0,32,1,True,0,
synth_009,order_reachable,L0C,46,random_best,160,32,64,96,2,True,0,
synth_010,capacity_bound,L1,38,v2,2752,0,1376,1376,2,True,0,0.01195
synth_010,capacity_bound,L1,38,prev_portfolio,2752,0,1376,1376,2,True,0,
synth_010,capacity_bound,L1,38,cp_list,5504,0,2752,2752,4,True,0,
synth_010,capacity_bound,L1,38,cp_free_first,2752,0,1376,1376,2,True,0,
synth_010,capacity_bound,L1,38,pressure_uniform,2752,0,1376,1376,2,True,0,
synth_010,capacity_bound,L1,38,goodman_hsu,2752,0,1376,1376,2,True,0,
synth_010,capacity_bound,L1,38,random_best,5856,352,2752,3104,5,True,0,
synth_011,order_reachable,UB,24,v2,0,0,0,0,0,True,0,0.002657
synth_011,order_reachable,UB,24,prev_portfolio,0,0,0,0,0,True,0,
synth_011,order_reachable,UB,24,cp_list,0,0,0,0,0,True,0,
synth_011,order_reachable,UB,24,cp_free_first,0,0,0,0,0,True,0,
synth_011,order_reachable,UB,24,pressure_uniform,0,0,0,0,0,True,0,
synth_011,order_reachable,UB,24,goodman_hsu,0,0,0,0,0,True,0,
synth_011,order_reachable,UB,24,random_best,0,0,0,0,0,True,0,
synth_012,capacity_bound,L0C,43,v2,224,224,0,224,2,True,0,0.00464
synth_012,capacity_bound,L0C,43,prev_portfolio,224,224,0,224,2,True,0,
synth_012,capacity_bound,L0C,43,cp_list,688,688,0,688,7,True,0,
synth_012,capacity_bound,L0C,43,cp_free_first,448,448,0,448,4,True,0,
synth_012,capacity_bound,L0C,43,pressure_uniform,336,336,0,336,3,True,0,
synth_012,capacity_bound,L0C,43,goodman_hsu,336,336,0,336,3,True,0,
synth_012,capacity_bound,L0C,43,random_best,1024,1024,0,1024,10,True,0,
synth_013,order_reachable,L1,38,v2,0,0,0,0,0,True,0,0.007348
synth_013,order_reachable,L1,38,prev_portfolio,0,0,0,0,0,True,0,
synth_013,order_reachable,L1,38,cp_list,1024,0,512,512,1,True,0,
synth_013,order_reachable,L1,38,cp_free_first,0,0,0,0,0,True,0,
synth_013,order_reachable,L1,38,pressure_uniform,0,0,0,0,0,True,0,
synth_013,order_reachable,L1,38,goodman_hsu,256,256,0,256,1,True,0,
synth_013,order_reachable,L1,38,random_best,0,0,0,0,0,True,0,
synth_014,capacity_bound,UB,28,v2,1088,0,544,544,2,True,0,0.004973
synth_014,capacity_bound,UB,28,prev_portfolio,1088,0,544,544,2,True,0,
synth_014,capacity_bound,UB,28,cp_list,1632,0,816,816,3,True,0,
synth_014,capacity_bound,UB,28,cp_free_first,1632,0,816,816,3,True,0,
synth_014,capacity_bound,UB,28,pressure_uniform,1088,0,544,544,2,True,0,
synth_014,capacity_bound,UB,28,goodman_hsu,1088,0,544,544,2,True,0,
synth_014,capacity_bound,UB,28,random_best,1664,576,544,1120,6,True,0,
synth_015,order_reachable,L0C,40,v2,0,0,0,0,0,True,0,0.003211
synth_015,order_reachable,L0C,40,prev_portfolio,0,0,0,0,0,True,0,
synth_015,order_reachable,L0C,40,cp_list,384,384,0,384,5,True,0,
synth_015,order_reachable,L0C,40,cp_free_first,0,0,0,0,0,True,0,
synth_015,order_reachable,L0C,40,pressure_uniform,192,192,0,192,3,True,0,
synth_015,order_reachable,L0C,40,goodman_hsu,48,48,0,48,1,True,0,
synth_015,order_reachable,L0C,40,random_best,336,336,0,336,5,True,0,
synth_016,capacity_bound,L1,42,v2,1376,1376,0,1376,2,True,0,0.0132
synth_016,capacity_bound,L1,42,prev_portfolio,1376,1376,0,1376,2,True,0,
synth_016,capacity_bound,L1,42,cp_list,3440,3440,0,3440,5,True,0,
synth_016,capacity_bound,L1,42,cp_free_first,2064,2064,0,2064,3,True,0,
synth_016,capacity_bound,L1,42,pressure_uniform,1376,1376,0,1376,2,True,0,
synth_016,capacity_bound,L1,42,goodman_hsu,1376,1376,0,1376,2,True,0,
synth_016,capacity_bound,L1,42,random_best,4480,4480,0,4480,7,True,0,
synth_017,order_reachable,UB,30,v2,0,0,0,0,0,True,0,0.002855
synth_017,order_reachable,UB,30,prev_portfolio,0,0,0,0,0,True,0,
synth_017,order_reachable,UB,30,cp_list,0,0,0,0,0,True,0,
synth_017,order_reachable,UB,30,cp_free_first,0,0,0,0,0,True,0,
synth_017,order_reachable,UB,30,pressure_uniform,0,0,0,0,0,True,0,
synth_017,order_reachable,UB,30,goodman_hsu,0,0,0,0,0,True,0,
synth_017,order_reachable,UB,30,random_best,0,0,0,0,0,True,0,
synth_018,capacity_bound,L0C,47,v2,448,0,224,224,2,True,0,0.00537
synth_018,capacity_bound,L0C,47,prev_portfolio,448,0,224,224,2,True,0,
synth_018,capacity_bound,L0C,47,cp_list,1312,192,560,752,8,True,0,
synth_018,capacity_bound,L0C,47,cp_free_first,896,0,448,448,4,True,0,
synth_018,capacity_bound,L0C,47,pressure_uniform,864,192,336,528,6,True,0,
synth_018,capacity_bound,L0C,47,goodman_hsu,672,0,336,336,3,True,0,
synth_018,capacity_bound,L0C,47,random_best,1696,576,560,1136,14,True,0,
synth_019,order_reachable,L1,32,v2,0,0,0,0,0,True,0,0.007091
synth_019,order_reachable,L1,32,prev_portfolio,0,0,0,0,0,True,0,
synth_019,order_reachable,L1,32,cp_list,1376,1376,0,1376,2,True,0,
synth_019,order_reachable,L1,32,cp_free_first,0,0,0,0,0,True,0,
synth_019,order_reachable,L1,32,pressure_uniform,0,0,0,0,0,True,0,
synth_019,order_reachable,L1,32,goodman_hsu,688,688,0,688,1,True,0,
synth_019,order_reachable,L1,32,random_best,688,688,0,688,1,True,0,
synth_020,capacity_bound,UB,32,v2,544,544,0,544,2,True,0,0.005979
synth_020,capacity_bound,UB,32,prev_portfolio,544,544,0,544,2,True,0,
synth_020,capacity_bound,UB,32,cp_list,1088,1088,0,1088,4,True,0,
synth_020,capacity_bound,UB,32,cp_free_first,1088,1088,0,1088,4,True,0,
synth_020,capacity_bound,UB,32,pressure_uniform,816,816,0,816,3,True,0,
synth_020,capacity_bound,UB,32,goodman_hsu,544,544,0,544,2,True,0,
synth_020,capacity_bound,UB,32,random_best,1504,1504,0,1504,6,True,0,
synth_021,order_reachable,L0C,46,v2,0,0,0,0,0,True,0,0.003149
synth_021,order_reachable,L0C,46,prev_portfolio,0,0,0,0,0,True,0,
synth_021,order_reachable,L0C,46,cp_list,256,0,128,128,2,True,0,
synth_021,order_reachable,L0C,46,cp_free_first,0,0,0,0,0,True,0,
synth_021,order_reachable,L0C,46,pressure_uniform,0,0,0,0,0,True,0,
synth_021,order_reachable,L0C,46,goodman_hsu,32,32,0,32,1,True,0,
synth_021,order_reachable,L0C,46,random_best,160,32,64,96,2,True,0,
synth_022,capacity_bound,L1,46,v2,2752,0,1376,1376,2,True,0,0.01427
synth_022,capacity_bound,L1,46,prev_portfolio,2752,0,1376,1376,2,True,0,
synth_022,capacity_bound,L1,46,cp_list,8256,0,4128,4128,6,True,0,
synth_022,capacity_bound,L1,46,cp_free_first,5504,0,2752,2752,4,True,0,
synth_022,capacity_bound,L1,46,pressure_uniform,3104,352,1376,1728,3,True,0,
synth_022,capacity_bound,L1,46,goodman_hsu,2752,0,1376,1376,2,True,0,
synth_022,capacity_bound,L1,46,random_best,7936,1056,3440,4496,8,True,0,
synth_023,order_reachable,UB,24,v2,0,0,0,0,0,True,0,0.002452
synth_023,order_reachable,UB,24,prev_portfolio,0,0,0,0,0,True,0,
synth_023,order_reachable,UB,24,cp_list,0,0,0,0,0,True,0,
synth_023,order_reachable,UB,24,cp_free_first,0,0,0,0,0,True,0,
synth_023,order_reachable,UB,24,pressure_uniform,0,0,0,0,0,True,0,
synth_023,order_reachable,UB,24,goodman_hsu,0,0,0,0,0,True,0,
synth_023,order_reachable,UB,24,random_best,0,0,0,0,0,True,0,
synth_024,capacity_bound,L0C,31,v2,224,224,0,224,2,True,0,0.00351
synth_024,capacity_bound,L0C,31,prev_portfolio,224,224,0,224,2,True,0,
synth_024,capacity_bound,L0C,31,cp_list,448,448,0,448,4,True,0,
synth_024,capacity_bound,L0C,31,cp_free_first,224,224,0,224,2,True,0,
synth_024,capacity_bound,L0C,31,pressure_uniform,336,336,0,336,3,True,0,
synth_024,capacity_bound,L0C,31,goodman_hsu,224,224,0,224,2,True,0,
synth_024,capacity_bound,L0C,31,random_best,448,448,0,448,4,True,0,
synth_025,order_reachable,L1,38,v2,0,0,0,0,0,True,0,0.007182
synth_025,order_reachable,L1,38,prev_portfolio,0,0,0,0,0,True,0,
synth_025,order_reachable,L1,38,cp_list,1024,0,512,512,1,True,0,
synth_025,order_reachable,L1,38,cp_free_first,0,0,0,0,0,True,0,
synth_025,order_reachable,L1,38,pressure_uniform,0,0,0,0,0,True,0,
synth_025,order_reachable,L1,38,goodman_hsu,256,256,0,256,1,True,0,
synth_025,order_reachable,L1,38,random_best,0,0,0,0,0,True,0,
synth_026,capacity_bound,UB,36,v2,1088,0,544,544,2,True,0,0.006247
synth_026,capacity_bound,UB,36,prev_portfolio,1088,0,544,544,2,True,0,
synth_026,capacity_bound,UB,36,cp_list,2320,144,1088,1232,5,True,0,
synth_026,capacity_bound,UB,36,cp_free_first,2176,0,1088,1088,4,True,0,
synth_026,capacity_bound,UB,36,pressure_uniform,1376,288,544,832,4,True,0,
synth_026,capacity_bound,UB,36,goodman_hsu,1088,0,544,544,2,True,0,
synth_026,capacity_bound,UB,36,random_best,3440,720,1360,2080,10,True,0,
synth_027,order_reachable,L0C,40,v2,0,0,0,0,0,True,0,0.003272
synth_027,order_reachable,L0C,40,prev_portfolio,0,0,0,0,0,True,0,
synth_027,order_reachable,L0C,40,cp_list,384,384,0,384,5,True,0,
synth_027,order_reachable,L0C,40,cp_free_first,0,0,0,0,0,True,0,
synth_027,order_reachable,L0C,40,pressure_uniform,192,192,0,192,3,True,0,
synth_027,order_reachable,L0C,40,goodman_hsu,48,48,0,48,1,True,0,
synth_027,order_reachable,L0C,40,random_best,336,336,0,336,5,True,0,
synth_028,capacity_bound,L1,50,v2,1376,1376,0,1376,2,True,0,0.01482
synth_028,capacity_bound,L1,50,prev_portfolio,1376,1376,0,1376,2,True,0,
synth_028,capacity_bound,L1,50,cp_list,4480,4480,0,4480,7,True,0,
synth_028,capacity_bound,L1,50,cp_free_first,2752,2752,0,2752,4,True,0,
synth_028,capacity_bound,L1,50,pressure_uniform,1376,1376,0,1376,2,True,0,
synth_028,capacity_bound,L1,50,goodman_hsu,1376,1376,0,1376,2,True,0,
synth_028,capacity_bound,L1,50,random_best,5872,5872,0,5872,10,True,0,
synth_029,order_reachable,UB,30,v2,0,0,0,0,0,True,0,0.002817
synth_029,order_reachable,UB,30,prev_portfolio,0,0,0,0,0,True,0,
synth_029,order_reachable,UB,30,cp_list,0,0,0,0,0,True,0,
synth_029,order_reachable,UB,30,cp_free_first,0,0,0,0,0,True,0,
synth_029,order_reachable,UB,30,pressure_uniform,0,0,0,0,0,True,0,
synth_029,order_reachable,UB,30,goodman_hsu,0,0,0,0,0,True,0,
synth_029,order_reachable,UB,30,random_best,0,0,0,0,0,True,0,
synth_030,capacity_bound,L0C,35,v2,448,0,224,224,2,True,0,0.004019
synth_030,capacity_bound,L0C,35,prev_portfolio,448,0,224,224,2,True,0,
synth_030,capacity_bound,L0C,35,cp_list,1120,0,560,560,5,True,0,
synth_030,capacity_bound,L0C,35,cp_free_first,672,0,336,336,3,True,0,
synth_030,capacity_bound,L0C,35,pressure_uniform,448,0,224,224,2,True,0,
synth_030,capacity_bound,L0C,35,goodman_hsu,448,0,224,224,2,True,0,
synth_030,capacity_bound,L0C,35,random_best,1152,256,448,704,8,True,0,
synth_031,order_reachable,L1,32,v2,0,0,0,0,0,True,0,0.007101
synth_031,order_reachable,L1,32,prev_portfolio,0,0,0,0,0,True,0,
synth_031,order_reachable,L1,32,cp_list,1376,1376,0,1376,2,True,0,
synth_031,order_reachable,L1,32,cp_free_first,0,0,0,0,0,True,0,
synth_031,order_reachable,L1,32,pressure_uniform,0,0,0,0,0,True,0,
synth_031,order_reachable,L1,32,goodman_hsu,688,688,0,688,1,True,0,
synth_031,order_reachable,L1,32,random_best,688,688,0,688,1,True,0,
synth_032,capacity_bound,UB,40,v2,544,544,0,544,2,True,0,0.006602
synth_032,capacity_bound,UB,40,prev_portfolio,544,544,0,544,2,True,0,
synth_032,capacity_bound,UB,40,cp_list,1376,1376,0,1376,6,True,0,
synth_032,capacity_bound,UB,40,cp_free_first,1088,1088,0,1088,4,True,0,
synth_032,capacity_bound,UB,40,pressure_uniform,960,960,0,960,4,True,0,
synth_032,capacity_bound,UB,40,goodman_hsu,816,816,0,816,3,True,0,
synth_032,capacity_bound,UB,40,random_best,2048,2048,0,2048,8,True,0,
synth_033,order_reachable,L0C,46,v2,0,0,0,0,0,True,0,0.003085
synth_033,order_reachable,L0C,46,prev_portfolio,0,0,0,0,0,True,0,
synth_033,order_reachable,L0C,46,cp_list,256,0,128,128,2,True,0,
synth_033,order_reachable,L0C,46,cp_free_first,0,0,0,0,0,True,0,
synth_033,order_reachable,L0C,46,pressure_uniform,0,0,0,0,0,True,0,
synth_033,order_reachable,L0C,46,goodman_hsu,32,32,0,32,1,True,0,
synth_033,order_reachable,L0C,46,random_best,160,32,64,96,2,True,0,
synth_034,capacity_bound,L1,34,v2,2752,0,1376,1376,2,True,0,0.0113
synth_034,capacity_bound,L1,34,prev_portfolio,2752,0,1376,1376,2,True,0,
synth_034,capacity_bound,L1,34,cp_list,4128,0,2064,2064,3,True,0,
synth_034,capacity_bound,L1,34,cp_free_first,2752,0,1376,1376,2,True,0,
synth_034,capacity_bound,L1,34,pressure_uniform,2752,0,1376,1376,2,True,0,
synth_034,capacity_bound,L1,34,goodman_hsu,4128,0,2064,2064,3,True,0,
synth_034,capacity_bound,L1,34,random_best,4128,0,2064,2064,3,True,0,
synth_035,order_reachable,UB,24,v2,0,0,0,0,0,True,0,0.002648
synth_035,order_reachable,UB,24,prev_portfolio,0,0,0,0,0,True,0,
synth_035,order_reachable,UB,24,cp_list,0,0,0,0,0,True,0,
synth_035,order_reachable,UB,24,cp_free_first,0,0,0,0,0,True,0,
synth_035,order_reachable,UB,24,pressure_uniform,0,0,0,0,0,True,0,
synth_035,order_reachable,UB,24,goodman_hsu,0,0,0,0,0,True,0,
synth_035,order_reachable,UB,24,random_best,0,0,0,0,0,True,0,
