pos,L1,UB
0,1,0
1,2,0
2,3,0
3,3,0
4,19,0
5,19,0
6,35,0
7,35,0
8,35,0
9,35,0
10,19,0
11,19,0
12,19,0
13,19,0
14,19,0
15,3,0
16,3,0
17,2,0
18,2,0
19,3,0
20,5,0
21,6,0
22,8,0
23,24,0
24,24,0
25,40,0
26,40,0
27,56,0
28,56,0
29,72,0
30,72,0
31,72,0
32,72,0
33,56,0
34,56,0
35,56,0
36,56,0
37,56,0
38,40,0
39,40,0
40,38,0
41,38,0
42,38,0
43,38,0
44,22,0
45,22,0
46,21,0
47,21,0
48,21,0
49,21,0
50,5,0
51,5,0
52,4,0
53,2,0
54,2,0
55,3,0
56,5,0
57,6,0
58,8,0
59,24,0
60,24,0
61,40,0
62,40,0
63,56,0
64,56,0
65,72,0
66,72,0
67,72,0
68,72,0
69,56,0
70,56,0
71,56,0
72,56,0
73,56,0
74,40,0
75,40,0
76,38,0
77,38,0
78,38,0
79,38,0
80,22,0
81,22,0
82,21,0
83,21,0
84,21,0
85,21,0
86,5,0
87,5,0
88,4,0
89,2,0
90,2,0
91,386,0
92,770,0
93,1538,0
94,1538,0
95,2306,0
96,2306,0
97,2450,0
98,2450,0
99,2594,0
100,2594,0
101,2594,0
102,2594,0
103,2450,0
104,2450,0
105,2450,0
106,2450,0
107,2450,0
108,2306,0
109,2306,0
110,2306,0
111,3074,0
112,3842,0
113,3858,0
114,3858,0
115,3874,0
116,3874,0
117,3874,0
118,3874,0
119,3858,0
120,3858,0
121,3858,0
122,3858,0
123,3858,0
124,3842,0
125,3842,0
126,3074,0
127,2306,0
128,2306,0
129,2690,0
130,4226,0
131,4610,0
132,6146,0
133,6290,0
134,6290,0
135,6434,0
136,6434,0
137,6578,0
138,6578,0
139,6722,0
140,6722,0
141,6722,0
142,6722,0
143,6578,0
144,6578,0
145,6578,0
146,6578,0
147,6578,0
148,6434,0
149,6434,0
150,5666,0
151,4130,0
152,4130,0
153,4130,0
154,4130,0
155,3986,0
156,3986,0
157,3602,0
158,3602,0
159,3602,0
160,3602,0
161,3458,0
162,3458,0
163,3074,0
164,2306,0
165,770,0
166,770,0
167,1154,0
168,2690,0
169,3074,0
170,4610,0
171,4754,0
172,4754,0
173,4898,0
174,4898,0
175,5042,0
176,5042,0
177,5186,0
178,5186,0
179,5186,0
180,5186,0
181,5042,0
182,5042,0
183,5042,0
184,5042,0
185,5042,0
186,4898,0
187,4898,0
188,3362,0
189,3362,0
190,3362,0
191,3362,0
192,3218,0
193,3218,0
194,3218,0
195,3218,0
196,3218,0
197,3074,0
198,3074,0
199,1538,0
200,1538,0
201,1922,0
202,3458,0
203,3842,0
204,5378,0
205,5522,0
206,5522,0
207,5666,0
208,5666,0
209,5810,0
210,5810,0
211,5954,0
212,5954,0
213,5954,0
214,5954,0
215,5810,0
216,5810,0
217,5810,0
218,5810,0
219,5810,0
220,5666,0
221,5666,0
222,5282,0
223,3746,0
224,3746,0
225,3746,0
226,3746,0
227,3602,0
228,3602,0
229,3218,0
230,3218,0
231,3218,0
232,3218,0
233,3074,0
234,3074,0
235,2690,0
236,2306,0
237,770,0
238,770,0
239,866,0
240,1250,0
241,1346,0
242,1730,0
243,1874,0
244,1874,0
245,2018,0
246,2018,0
247,2162,0
248,2162,0
249,2306,0
250,2306,0
251,2306,0
252,2306,0
253,2162,0
254,2162,0
255,2162,0
256,2162,0
257,2162,0
258,2018,0
259,2018,0
260,1634,0
261,1634,0
262,1634,0
263,1634,0
264,1490,0
265,1490,0
266,1490,0
267,1490,0
268,1490,0
269,1346,0
270,1346,0
271,962,0
272,962,0
273,986,0
274,1082,0
275,1106,0
276,1202,0
277,1346,0
278,1346,0
279,1490,0
280,1490,0
281,1634,0
282,1634,0
283,1778,0
284,1778,0
285,1778,0
286,1778,0
287,1634,0
288,1634,0
289,1634,0
290,1634,0
291,1634,0
292,1490,0
293,1490,0
294,1489,0
295,1393,0
296,1393,0
297,1393,0
298,1393,0
299,1249,0
300,1249,0
301,1153,0
302,1153,0
303,1153,0
304,1153,0
305,1009,0
306,1009,0
307,1008,0
308,912,0
309,816,0
310,816,0
311,840,0
312,936,0
313,960,0
314,1056,0
315,1200,0
316,1200,0
317,1344,0
318,1344,0
319,1488,0
320,1488,0
321,1632,0
322,1632,0
323,1632,0
324,1632,0
325,1488,0
326,1488,0
327,1488,0
328,1488,0
329,1488,0
330,1344,0
331,1344,0
332,1248,0
333,1248,0
334,1248,0
335,1248,0
336,1104,0
337,1104,0
338,1080,0
339,1080,0
340,1080,0
341,1080,0
342,936,0
343,936,0
344,912,0
345,816,0
346,816,0
347,822,0
348,846,0
349,852,0
350,876,0
351,1020,0
352,1020,0
353,1164,0
354,1164,0
355,1308,0
356,1308,0
357,1452,0
358,1452,0
359,1452,0
360,1452,0
361,1308,0
362,1308,0
363,1308,0
364,1308,0
365,1308,0
366,1164,0
367,1164,0
368,1140,0
369,1140,0
370,1140,0
371,1140,0
372,996,0
373,996,0
374,972,0
375,972,0
376,972,0
377,972,0
378,828,0
379,828,0
380,804,0
381,780,0
382,780,0
383,781,0
384,783,0
385,784,0
386,786,0
387,978,0
388,978,0
389,1170,0
390,1170,0
391,1362,0
392,1362,0
393,1554,0
394,1554,0
395,1554,0
396,1554,0
397,1362,0
398,1362,0
399,1362,0
400,1362,0
401,1362,0
402,1170,0
403,1170,0
404,1168,0
405,1168,0
406,1168,0
407,1168,0
408,976,0
409,976,0
410,970,0
411,970,0
412,970,0
413,970,0
414,778,0
415,778,0
416,772,0
417,770,0
418,770,0
419,772,0
420,776,0
421,778,0
422,782,0
423,784,0
424,788,0
425,820,0
426,820,0
427,852,0
428,852,0
429,884,0
430,884,0
431,916,0
432,916,0
433,948,0
434,948,0
435,980,0
436,980,0
437,980,0
438,980,0
439,948,0
440,948,0
441,948,0
442,948,0
443,948,0
444,916,0
445,916,0
446,912,0
447,912,0
448,912,0
449,910,0
450,910,0
451,910,0
452,878,0
453,878,0
454,878,0
455,878,0
456,878,0
457,846,0
458,846,0
459,842,0
460,842,0
461,842,0
462,840,0
463,840,0
464,840,0
465,808,0
466,808,0
467,808,0
468,808,0
469,808,0
470,776,0
471,776,0
472,772,0
473,772,0
474,772,0
475,770,0
476,771,0
477,773,0
478,774,0
479,776,0
480,777,0
481,779,0
482,780,0
483,782,0
484,798,0
485,798,0
486,814,0
487,814,0
488,830,0
489,830,0
490,846,0
491,846,0
492,862,0
493,862,0
494,878,0
495,878,0
496,894,0
497,894,0
498,910,0
499,910,0
500,910,0
501,910,0
502,894,0
503,894,0
504,894,0
505,894,0
506,894,0
507,878,0
508,878,0
509,876,0
510,876,0
511,876,0
512,876,0
513,860,0
514,860,0
515,860,0
516,860,0
517,860,0
518,844,0
519,844,0
520,842,0
521,842,0
522,842,0
523,842,0
524,826,0
525,826,0
526,826,0
527,826,0
528,826,0
529,810,0
530,810,0
531,808,0
532,808,0
533,808,0
534,808,0
535,792,0
536,792,0
537,792,0
538,792,0
539,792,0
540,776,0
541,776,0
542,774,0
543,774,0
544,775,0
545,777,0
546,778,0
547,780,0
548,781,0
549,783,0
550,784,0
551,786,0
552,802,0
553,802,0
554,818,0
555,818,0
556,834,0
557,834,0
558,850,0
559,850,0
560,866,0
561,866,0
562,882,0
563,882,0
564,898,0
565,898,0
566,914,0
567,914,0
568,914,0
569,914,0
570,898,0
571,898,0
572,898,0
573,898,0
574,898,0
575,882,0
576,882,0
577,880,0
578,880,0
579,880,0
580,880,0
581,864,0
582,864,0
583,864,0
584,864,0
585,864,0
586,848,0
587,848,0
588,846,0
589,846,0
590,846,0
591,846,0
592,830,0
593,830,0
594,830,0
595,830,0
596,830,0
597,814,0
598,814,0
599,812,0
600,812,0
601,812,0
602,812,0
603,796,0
604,796,0
605,796,0
606,796,0
607,796,0
608,780,0
609,780,0
610,778,0
611,778,0
612,779,0
613,781,0
614,782,0
615,784,0
616,785,0
617,787,0
618,788,0
619,790,0
620,806,0
621,806,0
622,822,0
623,822,0
624,838,0
625,838,0
626,854,0
627,854,0
628,870,0
629,870,0
630,886,0
631,886,0
632,902,0
633,902,0
634,918,0
635,918,0
636,918,0
637,918,0
638,902,0
639,902,0
640,902,0
641,902,0
642,902,0
643,886,0
644,886,0
645,884,0
646,884,0
647,884,0
648,884,0
649,868,0
650,868,0
651,868,0
652,868,0
653,868,0
654,852,0
655,852,0
656,850,0
657,850,0
658,850,0
659,850,0
660,834,0
661,834,0
662,834,0
663,834,0
664,834,0
665,818,0
666,818,0
667,816,0
668,816,0
669,816,0
670,816,0
671,800,0
672,800,0
673,799,0
674,799,0
675,799,0
676,799,0
677,783,0
678,783,0
679,782,0
680,780,0
681,780,0
682,876,0
683,1260,0
684,1356,0
685,1740,0
686,1836,0
687,2220,0
688,2316,0
689,2700,0
690,2844,0
691,2844,0
692,2988,0
693,2988,0
694,3132,0
695,3132,0
696,3276,0
697,3276,0
698,3420,0
699,3420,0
700,3564,0
701,3564,0
702,3708,0
703,3708,0
704,3852,0
705,3852,0
706,3852,0
707,3852,0
708,3708,0
709,3708,0
710,3708,0
711,3708,0
712,3708,0
713,3564,0
714,3564,0
715,3180,0
716,3180,0
717,3180,0
718,3180,0
719,3036,0
720,3036,0
721,3036,0
722,3036,0
723,3036,0
724,2892,0
725,2892,0
726,2508,0
727,2508,0
728,2508,0
729,2508,0
730,2364,0
731,2364,0
732,2364,0
733,2364,0
734,2364,0
735,2220,0
736,2220,0
737,1836,0
738,1836,0
739,1836,0
740,1836,0
741,1692,0
742,1692,0
743,1692,0
744,1692,0
745,1692,0
746,1548,0
747,1548,0
748,1164,0
749,1164,0
750,1260,0
751,1644,0
752,1740,0
753,2124,0
754,2220,0
755,2604,0
756,2700,0
757,3084,0
758,3228,0
759,3228,0
760,3372,0
761,3372,0
762,3516,0
763,3516,0
764,3660,0
765,3660,0
766,3804,0
767,3804,0
768,3948,0
769,3948,0
770,4092,0
771,4092,0
772,4236,0
773,4236,0
774,4380,0
775,4380,0
776,4524,0
777,4524,0
778,4668,0
779,4668,0
780,4812,0
781,4812,0
782,4956,0
783,4956,0
784,5100,0
785,5100,0
786,5244,0
787,5244,0
788,5388,0
789,5388,0
790,5388,0
791,5388,0
792,5244,0
793,5244,0
794,5244,0
795,5244,0
796,5244,0
797,5100,0
798,5100,0
799,5100,0
800,5100,0
801,5100,0
802,4956,0
803,4956,0
804,4956,0
805,4956,0
806,4956,0
807,4812,0
808,4812,0
809,4428,0
810,4428,0
811,4428,0
812,4428,0
813,4284,0
814,4284,0
815,4284,0
816,4284,0
817,4284,0
818,4140,0
819,4140,0
820,4140,0
821,4140,0
822,4140,0
823,3996,0
824,3996,0
825,3996,0
826,3996,0
827,3996,0
828,3852,0
829,3852,0
830,3468,0
831,3468,0
832,3468,0
833,3468,0
834,3324,0
835,3324,0
836,3324,0
837,3324,0
838,3324,0
839,3180,0
840,3180,0
841,3180,0
842,3180,0
843,3180,0
844,3036,0
845,3036,0
846,3036,0
847,3036,0
848,3036,0
849,2892,0
850,2892,0
851,2508,0
852,2508,0
853,2508,0
854,2508,0
855,2364,0
856,2364,0
857,2268,0
858,2268,0
859,2268,0
860,2268,0
861,2124,0
862,2124,0
863,2028,0
864,2028,0
865,2028,0
866,2028,0
867,1884,0
868,1884,0
869,1788,0
870,1788,0
871,1788,0
872,1788,0
873,1644,0
874,1644,0
875,1548,0
876,1164,0
877,1164,0
878,1188,0
879,1284,0
880,1308,0
881,1404,0
882,1428,0
883,1524,0
884,1548,0
885,1644,0
886,1788,0
887,1788,0
888,1932,0
889,1932,0
890,2076,0
891,2076,0
892,2220,0
893,2220,0
894,2364,0
895,2364,0
896,2508,0
897,2508,0
898,2652,0
899,2652,0
900,2796,0
901,2796,0
902,2940,0
903,2940,0
904,3084,0
905,3084,0
906,3228,0
907,3228,0
908,3372,0
909,3372,0
910,3516,0
911,3516,0
912,3660,0
913,3660,0
914,3804,0
915,3804,0
916,3948,0
917,3948,0
918,3948,0
919,3948,0
920,3804,0
921,3804,0
922,3804,0
923,3804,0
924,3804,0
925,3660,0
926,3660,0
927,3660,0
928,3660,0
929,3660,0
930,3516,0
931,3516,0
932,3516,0
933,3516,0
934,3516,0
935,3372,0
936,3372,0
937,3276,0
938,3276,0
939,3276,0
940,3276,0
941,3132,0
942,3132,0
943,3132,0
944,3132,0
945,3132,0
946,2988,0
947,2988,0
948,2988,0
949,2988,0
950,2988,0
951,2844,0
952,2844,0
953,2844,0
954,2844,0
955,2844,0
956,2700,0
957,2700,0
958,2604,0
959,2604,0
960,2604,0
961,2604,0
962,2460,0
963,2460,0
964,2460,0
965,2460,0
966,2460,0
967,2316,0
968,2316,0
969,2316,0
970,2316,0
971,2316,0
972,2172,0
973,2172,0
974,2172,0
975,2172,0
976,2172,0
977,2028,0
978,2028,0
979,1932,0
980,1932,0
981,1932,0
982,1932,0
983,1788,0
984,1788,0
985,1788,0
986,1788,0
987,1788,0
988,1644,0
989,1644,0
990,1644,0
991,1644,0
992,1644,0
993,1500,0
994,1500,0
995,1500,0
996,1500,0
997,1500,0
998,1356,0
999,1356,0
1000,1260,0
1001,1260,0
1002,1308,0
1003,1404,0
1004,1452,0
1005,1548,0
1006,1596,0
1007,1692,0
1008,1740,0
1009,1836,0
1010,1980,0
1011,1980,0
1012,2124,0
1013,2124,0
1014,2268,0
1015,2268,0
1016,2412,0
1017,2412,0
1018,2556,0
1019,2556,0
1020,2700,0
1021,2700,0
1022,2844,0
1023,2844,0
1024,2988,0
1025,2988,0
1026,3132,0
1027,3132,0
1028,3276,0
1029,3276,0
1030,3420,0
1031,3420,0
1032,3564,0
1033,3564,0
1034,3708,0
1035,3708,0
1036,3852,0
1037,3852,0
1038,3996,0
1039,3996,0
1040,4140,0
1041,4140,0
1042,4140,0
1043,4140,0
1044,3996,0
1045,3996,0
1046,3996,0
1047,3996,0
1048,3996,0
1049,3852,0
1050,3852,0
1051,3852,0
1052,3852,0
1053,3852,0
1054,3708,0
1055,3708,0
1056,3708,0
1057,3708,0
1058,3708,0
1059,3564,0
1060,3564,0
1061,3563,0
1062,3467,0
1063,3467,0
1064,3467,0
1065,3467,0
1066,3323,0
1067,3323,0
1068,3323,0
1069,3323,0
1070,3323,0
1071,3179,0
1072,3179,0
1073,3179,0
1074,3179,0
1075,3179,0
1076,3035,0
1077,3035,0
1078,3035,0
1079,3035,0
1080,3035,0
1081,2891,0
1082,2891,0
1083,2890,0
1084,2794,0
1085,2794,0
1086,2794,0
1087,2794,0
1088,2650,0
1089,2650,0
1090,2650,0
1091,2650,0
1092,2650,0
1093,2506,0
1094,2506,0
1095,2506,0
1096,2506,0
1097,2506,0
1098,2362,0
1099,2362,0
1100,2362,0
1101,2362,0
1102,2362,0
1103,2218,0
1104,2218,0
1105,2217,0
1106,2121,0
1107,2121,0
1108,2121,0
1109,2121,0
1110,1977,0
1111,1977,0
1112,1953,0
1113,1953,0
1114,1953,0
1115,1953,0
1116,1809,0
1117,1809,0
1118,1785,0
1119,1785,0
1120,1785,0
1121,1785,0
1122,1641,0
1123,1641,0
1124,1617,0
1125,1617,0
1126,1617,0
1127,1617,0
1128,1473,0
1129,1473,0
1130,1472,0
1131,1448,0
1132,1352,0
1133,1352,0
1134,1400,0
1135,1464,0
1136,1464,0
1137,1464,0
1138,1464,0
1139,1400,0
1140,1400,0
1141,1400,0
1142,1448,0
1143,1512,0
1144,1512,0
1145,1512,0
1146,1512,0
1147,1448,0
1148,1448,0
1149,1448,0
1150,1496,0
1151,1560,0
1152,1560,0
1153,1560,0
1154,1560,0
1155,1496,0
1156,1496,0
1157,1496,0
1158,1544,0
1159,1608,0
1160,1608,0
1161,1608,0
1162,1608,0
1163,1544,0
1164,1544,0
1165,1544,0
1166,1592,0
1167,1656,0
1168,1656,0
1169,1656,0
1170,1656,0
1171,1592,0
1172,1592,0
1173,1592,0
1174,1640,0
1175,1704,0
1176,1704,0
1177,1704,0
1178,1704,0
1179,1640,0
1180,1640,0
1181,1640,0
1182,1688,0
1183,1752,0
1184,1752,0
1185,1752,0
1186,1752,0
1187,1688,0
1188,1688,0
1189,1688,0
1190,1736,0
1191,1800,0
1192,1800,0
1193,1800,0
1194,1800,0
1195,1736,0
1196,1736,0
1197,1736,0
1198,1784,0
1199,1848,0
1200,1848,0
1201,1848,0
1202,1848,0
1203,1784,0
1204,1784,0
1205,1784,0
1206,1832,0
1207,1896,0
1208,1896,0
1209,1896,0
1210,1896,0
1211,1832,0
1212,1832,0
1213,1832,0
1214,1880,0
1215,1944,0
1216,1944,0
1217,1944,0
1218,1944,0
1219,1880,0
1220,1880,0
1221,1880,0
1222,1928,0
1223,1992,0
1224,1992,0
1225,1992,0
1226,1992,0
1227,1928,0
1228,1928,0
1229,1928,0
1230,1976,0
1231,2040,0
1232,2040,0
1233,2040,0
1234,2040,0
1235,1976,0
1236,1976,0
1237,1928,0
1238,1928,0
1239,1976,0
1240,2040,0
1241,2040,0
1242,2040,0
1243,2040,0
1244,1976,0
1245,1976,0
1246,1928,0
1247,1928,0
1248,1976,0
1249,2040,0
1250,2040,0
1251,2040,0
1252,2040,0
1253,1976,0
1254,1976,0
1255,1928,0
1256,1928,0
1257,1976,0
1258,2040,0
1259,2040,0
1260,2040,0
1261,2040,0
1262,1976,0
1263,1976,0
1264,1928,0
1265,1928,0
1266,2120,0
1267,2312,0
1268,2312,0
1269,2264,0
1270,2216,0
1271,2168,0
1272,2120,0
1273,1928,0
1274,2120,0
1275,2312,0
1276,2312,0
1277,2264,0
1278,2216,0
1279,2168,0
1280,2120,0
1281,1928,0
1282,2120,0
1283,2312,0
1284,2312,0
1285,2264,0
1286,2216,0
1287,2168,0
1288,2120,0
1289,1928,0
1290,2120,0
1291,2312,0
1292,2312,0
1293,2264,0
1294,2216,0
1295,2168,0
1296,2120,0
1297,1928,0
1298,2024,0
1299,2408,0
1300,2504,0
1301,2888,0
1302,2984,0
1303,3368,0
1304,3464,0
1305,3848,0
1306,3992,0
1307,3992,0
1308,4136,0
1309,4136,0
1310,4280,0
1311,4280,0
1312,4424,0
1313,4424,0
1314,4568,0
1315,4568,0
1316,4712,0
1317,4712,0
1318,4856,0
1319,4856,0
1320,5000,0
1321,5000,0
1322,5144,0
1323,5144,0
1324,5288,0
1325,5288,0
1326,5432,0
1327,5432,0
1328,5576,0
1329,5576,0
1330,5720,0
1331,5720,0
1332,5864,0
1333,5864,0
1334,6008,0
1335,6008,0
1336,6152,0
1337,6152,0
1338,6152,0
1339,6152,0
1340,6008,0
1341,6008,0
1342,6008,0
1343,6008,0
1344,6008,0
1345,5864,0
1346,5864,0
1347,5864,0
1348,5864,0
1349,5864,0
1350,5720,0
1351,5720,0
1352,5720,0
1353,5720,0
1354,5720,0
1355,5576,0
1356,5576,0
1357,5384,0
1358,5000,0
1359,5000,0
1360,5000,0
1361,5000,0
1362,4856,0
1363,4856,0
1364,4856,0
1365,4856,0
1366,4856,0
1367,4712,0
1368,4712,0
1369,4712,0
1370,4712,0
1371,4712,0
1372,4568,0
1373,4568,0
1374,4568,0
1375,4568,0
1376,4568,0
1377,4424,0
1378,4424,0
1379,4232,0
1380,3848,0
1381,3848,0
1382,3848,0
1383,3848,0
1384,3704,0
1385,3704,0
1386,3704,0
1387,3704,0
1388,3704,0
1389,3560,0
1390,3560,0
1391,3560,0
1392,3560,0
1393,3560,0
1394,3416,0
1395,3416,0
1396,3416,0
1397,3416,0
1398,3416,0
1399,3272,0
1400,3272,0
1401,3080,0
1402,2696,0
1403,2696,0
1404,2696,0
1405,2696,0
1406,2552,0
1407,2552,0
1408,2456,0
1409,2456,0
1410,2456,0
1411,2456,0
1412,2312,0
1413,2312,0
1414,2216,0
1415,2216,0
1416,2216,0
1417,2216,0
1418,2072,0
1419,2072,0
1420,1976,0
1421,1976,0
1422,1976,0
1423,1976,0
1424,1832,0
1425,1832,0
1426,1736,0
1427,1544,0
1428,1160,0
1429,1160,0
1430,1352,0
1431,1736,0
1432,1928,0
1433,2312,0
1434,2504,0
1435,2888,0
1436,3080,0
1437,3464,0
1438,3608,0
1439,3608,0
1440,3752,0
1441,3752,0
1442,3896,0
1443,3896,0
1444,4040,0
1445,4040,0
1446,4184,0
1447,4184,0
1448,4328,0
1449,4328,0
1450,4472,0
1451,4472,0
1452,4616,0
1453,4616,0
1454,4760,0
1455,4760,0
1456,4904,0
1457,4904,0
1458,5048,0
1459,5048,0
1460,5192,0
1461,5192,0
1462,5336,0
1463,5336,0
1464,5480,0
1465,5480,0
1466,5624,0
1467,5624,0
1468,5768,0
1469,5768,0
1470,5768,0
1471,5768,0
1472,5624,0
1473,5624,0
1474,5624,0
1475,5624,0
1476,5624,0
1477,5480,0
1478,5480,0
1479,5480,0
1480,5480,0
1481,5480,0
1482,5336,0
1483,5336,0
1484,5336,0
1485,5336,0
1486,5336,0
1487,5192,0
1488,5192,0
1489,5191,0
1490,4807,0
1491,4807,0
1492,4807,0
1493,4807,0
1494,4663,0
1495,4663,0
1496,4663,0
1497,4663,0
1498,4663,0
1499,4519,0
1500,4519,0
1501,4519,0
1502,4519,0
1503,4519,0
1504,4375,0
1505,4375,0
1506,4375,0
1507,4375,0
1508,4375,0
1509,4231,0
1510,4231,0
1511,4230,0
1512,3846,0
1513,3846,0
1514,3846,0
1515,3846,0
1516,3702,0
1517,3702,0
1518,3702,0
1519,3702,0
1520,3702,0
1521,3558,0
1522,3558,0
1523,3558,0
1524,3558,0
1525,3558,0
1526,3414,0
1527,3414,0
1528,3414,0
1529,3414,0
1530,3414,0
1531,3270,0
1532,3270,0
1533,3269,0
1534,2885,0
1535,2885,0
1536,2885,0
1537,2885,0
1538,2741,0
1539,2741,0
1540,2645,0
1541,2645,0
1542,2645,0
1543,2645,0
1544,2501,0
1545,2501,0
1546,2405,0
1547,2405,0
1548,2405,0
1549,2405,0
1550,2261,0
1551,2261,0
1552,2165,0
1553,2165,0
1554,2165,0
1555,2165,0
1556,2021,0
1557,2021,0
1558,2020,0
1559,1924,0
1560,1540,0
1561,1540,0
1562,1732,0
1563,1796,0
1564,1796,0
1565,1796,0
1566,1796,0
1567,1732,0
1568,1732,0
1569,1732,0
1570,1924,0
1571,1988,0
1572,1988,0
1573,1988,0
1574,1988,0
1575,1924,0
1576,1924,0
1577,1924,0
1578,2116,0
1579,2180,0
1580,2180,0
1581,2180,0
1582,2180,0
1583,2116,0
1584,2116,0
1585,2116,0
1586,2308,0
1587,2372,0
1588,2372,0
1589,2372,0
1590,2372,0
1591,2308,0
1592,2308,0
1593,2308,0
1594,2500,0
1595,2564,0
1596,2564,0
1597,2564,0
1598,2564,0
1599,2500,0
1600,2500,0
1601,2500,0
1602,2692,0
1603,2756,0
1604,2756,0
1605,2756,0
1606,2756,0
1607,2692,0
1608,2692,0
1609,2692,0
1610,2884,0
1611,2948,0
1612,2948,0
1613,2948,0
1614,2948,0
1615,2884,0
1616,2884,0
1617,2884,0
1618,3076,0
1619,3140,0
1620,3140,0
1621,3140,0
1622,3140,0
1623,3076,0
1624,3076,0
1625,3076,0
1626,3268,0
1627,3332,0
1628,3332,0
1629,3332,0
1630,3332,0
1631,3268,0
1632,3268,0
1633,3268,0
1634,3460,0
1635,3524,0
1636,3524,0
1637,3524,0
1638,3524,0
1639,3460,0
1640,3460,0
1641,3460,0
1642,3652,0
1643,3716,0
1644,3716,0
1645,3716,0
1646,3716,0
1647,3652,0
1648,3652,0
1649,3652,0
1650,3844,0
1651,3908,0
1652,3908,0
1653,3908,0
1654,3908,0
1655,3844,0
1656,3844,0
1657,3844,0
1658,4036,0
1659,4100,0
1660,4100,0
1661,4100,0
1662,4100,0
1663,4036,0
1664,4036,0
1665,3844,0
1666,3844,0
1667,4036,0
1668,4100,0
1669,4100,0
1670,4100,0
1671,4100,0
1672,4036,0
1673,4036,0
1674,3844,0
1675,3844,0
1676,4036,0
1677,4100,0
1678,4100,0
1679,4100,0
1680,4100,0
1681,4036,0
1682,4036,0
1683,3844,0
1684,3844,0
1685,4036,0
1686,4100,0
1687,4100,0
1688,4100,0
1689,4100,0
1690,4036,0
1691,4036,0
1692,3844,0
1693,3844,0
1694,4612,0
1695,5380,0
1696,5380,0
1697,5188,0
1698,4996,0
1699,4804,0
1700,4612,0
1701,3844,0
1702,4612,0
1703,5380,0
1704,5380,0
1705,5188,0
1706,4996,0
1707,4804,0
1708,4612,0
1709,3844,0
1710,4612,0
1711,5380,0
1712,5380,0
1713,5188,0
1714,4996,0
1715,4804,0
1716,4612,0
1717,3844,0
1718,4612,0
1719,5380,0
1720,5380,0
1721,5188,0
1722,4996,0
1723,4804,0
1724,4612,0
1725,3844,0
1726,4228,0
1727,5764,0
1728,6148,0
1729,7684,0
1730,8068,0
1731,9604,0
1732,9988,0
1733,11524,0
1734,11668,0
1735,11668,0
1736,11812,0
1737,11812,0
1738,11956,0
1739,11956,0
1740,12100,0
1741,12100,0
1742,12244,0
1743,12244,0
1744,12388,0
1745,12388,0
1746,12532,0
1747,12532,0
1748,12676,0
1749,12676,0
1750,12676,0
1751,12676,0
1752,12532,0
1753,12532,0
1754,12532,0
1755,12532,0
1756,12532,0
1757,12388,0
1758,12388,0
1759,11620,0
1760,10084,0
1761,10084,0
1762,10084,0
1763,10084,0
1764,9940,0
1765,9940,0
1766,9940,0
1767,9940,0
1768,9940,0
1769,9796,0
1770,9796,0
1771,9028,0
1772,7492,0
1773,7492,0
1774,7492,0
1775,7492,0
1776,7348,0
1777,7348,0
1778,7348,0
1779,7348,0
1780,7348,0
1781,7204,0
1782,7204,0
1783,6436,0
1784,4900,0
1785,4900,0
1786,4900,0
1787,4900,0
1788,4756,0
1789,4756,0
1790,4372,0
1791,4372,0
1792,4372,0
1793,4372,0
1794,4228,0
1795,4228,0
1796,3844,0
1797,3076,0
1798,1540,0
1799,1540,0
1800,1924,0
1801,3460,0
1802,3844,0
1803,5380,0
1804,5764,0
1805,7300,0
1806,7684,0
1807,9220,0
1808,9364,0
1809,9364,0
1810,9508,0
1811,9508,0
1812,9652,0
1813,9652,0
1814,9796,0
1815,9796,0
1816,9940,0
1817,9940,0
1818,10084,0
1819,10084,0
1820,10228,0
1821,10228,0
1822,10372,0
1823,10372,0
1824,10516,0
1825,10516,0
1826,10660,0
1827,10660,0
1828,10804,0
1829,10804,0
1830,10948,0
1831,10948,0
1832,11092,0
1833,11092,0
1834,11236,0
1835,11236,0
1836,11380,0
1837,11380,0
1838,11524,0
1839,11524,0
1840,11524,0
1841,11524,0
1842,11380,0
1843,11380,0
1844,11380,0
1845,11380,0
1846,11380,0
1847,11236,0
1848,11236,0
1849,11236,0
1850,11236,0
1851,11236,0
1852,11092,0
1853,11092,0
1854,11092,0
1855,11092,0
1856,11092,0
1857,10948,0
1858,10948,0
1859,9412,0
1860,9412,0
1861,9412,0
1862,9412,0
1863,9268,0
1864,9268,0
1865,9268,0
1866,9268,0
1867,9268,0
1868,9124,0
1869,9124,0
1870,9124,0
1871,9124,0
1872,9124,0
1873,8980,0
1874,8980,0
1875,8980,0
1876,8980,0
1877,8980,0
1878,8836,0
1879,8836,0
1880,7300,0
1881,7300,0
1882,7300,0
1883,7300,0
1884,7156,0
1885,7156,0
1886,7156,0
1887,7156,0
1888,7156,0
1889,7012,0
1890,7012,0
1891,7012,0
1892,7012,0
1893,7012,0
1894,6868,0
1895,6868,0
1896,6868,0
1897,6868,0
1898,6868,0
1899,6724,0
1900,6724,0
1901,5188,0
1902,5188,0
1903,5188,0
1904,5188,0
1905,5044,0
1906,5044,0
1907,4660,0
1908,4660,0
1909,4660,0
1910,4660,0
1911,4516,0
1912,4516,0
1913,4132,0
1914,4132,0
1915,4132,0
1916,4132,0
1917,3988,0
1918,3988,0
1919,3604,0
1920,3604,0
1921,3604,0
1922,3604,0
1923,3460,0
1924,3460,0
1925,3076,0
1926,1540,0
1927,1540,0
1928,1924,0
1929,3460,0
1930,3844,0
1931,5380,0
1932,5764,0
1933,7300,0
1934,7684,0
1935,9220,0
1936,9364,0
1937,9364,0
1938,9508,0
1939,9508,0
1940,9652,0
1941,9652,0
1942,9796,0
1943,9796,0
1944,9940,0
1945,9940,0
1946,10084,0
1947,10084,0
1948,10228,0
1949,10228,0
1950,10372,0
1951,10372,0
1952,10516,0
1953,10516,0
1954,10660,0
1955,10660,0
1956,10804,0
1957,10804,0
1958,10948,0
1959,10948,0
1960,11092,0
1961,11092,0
1962,11236,0
1963,11236,0
1964,11380,0
1965,11380,0
1966,11524,0
1967,11524,0
1968,11524,0
1969,11524,0
1970,11380,0
1971,11380,0
1972,11380,0
1973,11380,0
1974,11380,0
1975,11236,0
1976,11236,0
1977,11236,0
1978,11236,0
1979,11236,0
1980,11092,0
1981,11092,0
1982,11092,0
1983,11092,0
1984,11092,0
1985,10948,0
1986,10948,0
1987,10947,0
1988,9411,0
1989,9411,0
1990,9411,0
1991,9411,0
1992,9267,0
1993,9267,0
1994,9267,0
1995,9267,0
1996,9267,0
1997,9123,0
1998,9123,0
1999,9123,0
2000,9123,0
2001,9123,0
2002,8979,0
2003,8979,0
2004,8979,0
2005,8979,0
2006,8979,0
2007,8835,0
2008,8835,0
2009,8834,0
2010,7298,0
2011,7298,0
2012,7298,0
2013,7298,0
2014,7154,0
2015,7154,0
2016,7154,0
2017,7154,0
2018,7154,0
2019,7010,0
2020,7010,0
2021,7010,0
2022,7010,0
2023,7010,0
2024,6866,0
2025,6866,0
2026,6866,0
2027,6866,0
2028,6866,0
2029,6722,0
2030,6722,0
2031,6721,0
2032,5185,0
2033,5185,0
2034,5185,0
2035,5185,0
2036,5041,0
2037,5041,0
2038,4657,0
2039,4657,0
2040,4657,0
2041,4657,0
2042,4513,0
2043,4513,0
2044,4129,0
2045,4129,0
2046,4129,0
2047,4129,0
2048,3985,0
2049,3985,0
2050,3601,0
2051,3601,0
2052,3601,0
2053,3601,0
2054,3457,0
2055,3457,0
2056,3456,0
2057,3072,0
2058,1536,0
2059,1536,0
2060,2304,0
2061,3840,0
2062,4608,0
2063,6144,0
2064,6912,0
2065,8448,0
2066,9216,0
2067,10752,0
2068,10896,0
2069,10896,0
2070,11040,0
2071,11040,0
2072,11184,0
2073,11184,0
2074,11328,0
2075,11328,0
2076,11472,0
2077,11472,0
2078,11616,0
2079,11616,0
2080,11760,0
2081,11760,0
2082,11904,0
2083,11904,0
2084,12048,0
2085,12048,0
2086,12192,0
2087,12192,0
2088,12336,0
2089,12336,0
2090,12480,0
2091,12480,0
2092,12624,0
2093,12624,0
2094,12768,0
2095,12768,0
2096,12912,0
2097,12912,0
2098,13056,0
2099,13056,0
2100,13056,0
2101,13056,0
2102,12912,0
2103,12912,0
2104,12912,0
2105,12912,0
2106,12912,0
2107,12768,0
2108,12768,0
2109,12768,0
2110,12768,0
2111,12768,0
2112,12624,0
2113,12624,0
2114,12624,0
2115,12624,0
2116,12624,0
2117,12480,0
2118,12480,0
2119,10944,0
2120,10944,0
2121,10944,0
2122,10944,0
2123,10800,0
2124,10800,0
2125,10800,0
2126,10800,0
2127,10800,0
2128,10656,0
2129,10656,0
2130,10656,0
2131,10656,0
2132,10656,0
2133,10512,0
2134,10512,0
2135,10512,0
2136,10512,0
2137,10512,0
2138,10368,0
2139,10368,0
2140,8832,0
2141,8832,0
2142,8832,0
2143,8832,0
2144,8688,0
2145,8688,0
2146,8688,0
2147,8688,0
2148,8688,0
2149,8544,0
2150,8544,0
2151,8544,0
2152,8544,0
2153,8544,0
2154,8400,0
2155,8400,0
2156,8400,0
2157,8400,0
2158,8400,0
2159,8256,0
2160,8256,0
2161,6720,0
2162,6720,0
2163,6720,0
2164,6720,0
2165,6576,0
2166,6576,0
2167,6192,0
2168,6192,0
2169,6192,0
2170,6192,0
2171,6048,0
2172,6048,0
2173,5664,0
2174,5664,0
2175,5664,0
2176,5664,0
2177,5520,0
2178,5520,0
2179,5136,0
2180,5136,0
2181,5136,0
2182,5136,0
2183,4992,0
2184,4992,0
2185,4608,0
2186,3072,0
2187,3072,0
2188,3840,0
2189,5376,0
2190,6144,0
2191,7680,0
2192,8448,0
2193,9984,0
2194,10752,0
2195,12288,0
2196,12432,0
2197,12432,0
2198,12576,0
2199,12576,0
2200,12720,0
2201,12720,0
2202,12864,0
2203,12864,0
2204,13008,0
2205,13008,0
2206,13152,0
2207,13152,0
2208,13296,0
2209,13296,0
2210,13440,0
2211,13440,0
2212,13584,0
2213,13584,0
2214,13728,0
2215,13728,0
2216,13872,0
2217,13872,0
2218,14016,0
2219,14016,0
2220,14160,0
2221,14160,0
2222,14304,0
2223,14304,0
2224,14448,0
2225,14448,0
2226,14592,0
2227,14592,0
2228,14592,0
2229,14592,0
2230,14448,0
2231,14448,0
2232,14448,0
2233,14448,0
2234,14448,0
2235,14304,0
2236,14304,0
2237,14304,0
2238,14304,0
2239,14304,0
2240,14160,0
2241,14160,0
2242,14160,0
2243,14160,0
2244,14160,0
2245,14016,0
2246,14016,0
2247,12480,0
2248,12480,0
2249,12480,0
2250,12480,0
2251,12336,0
2252,12336,0
2253,12336,0
2254,12336,0
2255,12336,0
2256,12192,0
2257,12192,0
2258,12192,0
2259,12192,0
2260,12192,0
2261,12048,0
2262,12048,0
2263,12048,0
2264,12048,0
2265,12048,0
2266,11904,0
2267,11904,0
2268,10368,0
2269,10368,0
2270,10368,0
2271,10368,0
2272,10224,0
2273,10224,0
2274,10224,0
2275,10224,0
2276,10224,0
2277,10080,0
2278,10080,0
2279,10080,0
2280,10080,0
2281,10080,0
2282,9936,0
2283,9936,0
2284,9936,0
2285,9936,0
2286,9936,0
2287,9792,0
2288,9792,0
2289,8256,0
2290,8256,0
2291,8256,0
2292,8256,0
2293,8112,0
2294,8112,0
2295,7344,0
2296,7344,0
2297,7344,0
2298,7344,0
2299,7200,0
2300,7200,0
2301,6432,0
2302,6432,0
2303,6432,0
2304,6432,0
2305,6288,0
2306,6288,0
2307,5520,0
2308,5520,0
2309,5520,0
2310,5520,0
2311,5376,0
2312,5376,0
2313,4608,0
2314,3072,0
2315,3072,0
2316,3840,0
2317,5376,0
2318,6144,0
2319,7680,0
2320,8448,0
2321,9984,0
2322,10752,0
2323,12288,0
2324,12432,0
2325,12432,0
2326,12576,0
2327,12576,0
2328,12720,0
2329,12720,0
2330,12864,0
2331,12864,0
2332,13008,0
2333,13008,0
2334,13152,0
2335,13152,0
2336,13296,0
2337,13296,0
2338,13440,0
2339,13440,0
2340,13584,0
2341,13584,0
2342,13728,0
2343,13728,0
2344,13872,0
2345,13872,0
2346,14016,0
2347,14016,0
2348,14160,0
2349,14160,0
2350,14304,0
2351,14304,0
2352,14448,0
2353,14448,0
2354,14592,0
2355,14592,0
2356,14592,0
2357,14592,0
2358,14448,0
2359,14448,0
2360,14448,0
2361,14448,0
2362,14448,0
2363,14304,0
2364,14304,0
2365,14304,0
2366,14304,0
2367,14304,0
2368,14160,0
2369,14160,0
2370,14160,0
2371,14160,0
2372,14160,0
2373,14016,0
2374,14016,0
2375,12480,0
2376,12480,0
2377,12480,0
2378,12480,0
2379,12336,0
2380,12336,0
2381,12336,0
2382,12336,0
2383,12336,0
2384,12192,0
2385,12192,0
2386,12192,0
2387,12192,0
2388,12192,0
2389,12048,0
2390,12048,0
2391,12048,0
2392,12048,0
2393,12048,0
2394,11904,0
2395,11904,0
2396,10368,0
2397,10368,0
2398,10368,0
2399,10368,0
2400,10224,0
2401,10224,0
2402,10224,0
2403,10224,0
2404,10224,0
2405,10080,0
2406,10080,0
2407,10080,0
2408,10080,0
2409,10080,0
2410,9936,0
2411,9936,0
2412,9936,0
2413,9936,0
2414,9936,0
2415,9792,0
2416,9792,0
2417,8256,0
2418,8256,0
2419,8256,0
2420,8256,0
2421,8112,0
2422,8112,0
2423,7344,0
2424,7344,0
2425,7344,0
2426,7344,0
2427,7200,0
2428,7200,0
2429,6432,0
2430,6432,0
2431,6432,0
2432,6432,0
2433,6288,0
2434,6288,0
2435,5520,0
2436,5520,0
2437,5520,0
2438,5520,0
2439,5376,0
2440,5376,0
2441,4608,0
2442,3072,0
2443,3072,0
2444,3840,0
2445,5376,0
2446,6144,0
2447,7680,0
2448,8448,0
2449,9984,0
2450,10752,0
2451,12288,0
2452,12432,0
2453,12432,0
2454,12576,0
2455,12576,0
2456,12720,0
2457,12720,0
2458,12864,0
2459,12864,0
2460,13008,0
2461,13008,0
2462,13152,0
2463,13152,0
2464,13296,0
2465,13296,0
2466,13440,0
2467,13440,0
2468,13584,0
2469,13584,0
2470,13728,0
2471,13728,0
2472,13872,0
2473,13872,0
2474,14016,0
2475,14016,0
2476,14160,0
2477,14160,0
2478,14304,0
2479,14304,0
2480,14448,0
2481,14448,0
2482,14592,0
2483,14592,0
2484,14592,0
2485,14592,0
2486,14448,0
2487,14448,0
2488,14448,0
2489,14448,0
2490,14448,0
2491,14304,0
2492,14304,0
2493,14304,0
2494,14304,0
2495,14304,0
2496,14160,0
2497,14160,0
2498,14160,0
2499,14160,0
2500,14160,0
2501,14016,0
2502,14016,0
2503,12480,0
2504,12480,0
2505,12480,0
2506,11712,0
2507,11712,0
2508,11712,0
2509,11568,0
2510,11568,0
2511,11568,0
2512,11568,0
2513,11568,0
2514,11424,0
2515,11424,0
2516,11424,0
2517,11424,0
2518,11424,0
2519,11280,0
2520,11280,0
2521,11280,0
2522,11280,0
2523,11280,0
2524,11136,0
2525,11136,0
2526,9600,0
2527,9600,0
2528,9600,0
2529,8832,0
2530,8832,0
2531,8832,0
2532,8688,0
2533,8688,0
2534,8688,0
2535,8688,0
2536,8688,0
2537,8544,0
2538,8544,0
2539,8544,0
2540,8544,0
2541,8544,0
2542,8400,0
2543,8400,0
2544,8400,0
2545,8400,0
2546,8400,0
2547,8256,0
2548,8256,0
2549,6720,0
2550,6720,0
2551,6720,0
2552,5952,0
2553,5952,0
2554,5952,0
2555,5808,0
2556,5808,0
2557,5040,0
2558,5040,0
2559,5040,0
2560,5040,0
2561,4896,0
2562,4896,0
2563,4128,0
2564,4128,0
2565,4128,0
2566,4128,0
2567,3984,0
2568,3984,0
2569,3216,0
2570,3216,0
2571,3216,0
2572,3216,0
2573,3072,0
2574,3072,0
2575,2304,0
2576,768,0
2577,768,0
2578,768,0
2579,0,0
