id,op,pipe,mem_type,size,buf_id,gen,sched_pos
0,ALLOC,,L1,1,0,0,0
1,ALLOC,,L1,1,1,0,1
2,ALLOC,,L1,1,2,0,2
3,COPY_IN,MTE2,,0,-1,1,3
4,ALLOC,,L1,16,3,0,4
5,COPY_IN,MTE2,,0,-1,1,5
6,ALLOC,,L1,16,4,0,6
7,COPY_IN,MTE2,,0,-1,1,7
8,ALLOC,,L0B,8,5,0,8
9,MOVE,MTE1,,0,-1,2,9
10,CONV,CUBE,,0,-1,3,11
11,ALLOC,,L0B,8,6,0,13
12,MOVE,MTE1,,0,-1,2,14
13,CONV,CUBE,,0,-1,3,16
14,ALLOC,,L1,1,7,0,19
15,ALLOC,,L1,2,8,0,20
16,ALLOC,,L1,1,9,0,21
17,ALLOC,,L1,2,10,0,22
18,ALLOC,,L1,16,11,0,23
19,COPY_IN,MTE2,,0,-1,1,24
20,ALLOC,,L1,16,12,0,25
21,COPY_IN,MTE2,,0,-1,1,26
22,ALLOC,,L1,16,13,0,27
23,COPY_IN,MTE2,,0,-1,1,28
24,ALLOC,,L1,16,14,0,29
25,COPY_IN,MTE2,,0,-1,1,30
26,ALLOC,,L0B,8,15,0,31
27,MOVE,MTE1,,0,-1,2,32
28,CONV,CUBE,,0,-1,4,34
29,ALLOC,,L0B,8,16,0,36
30,MOVE,MTE1,,0,-1,2,37
31,CONV,CUBE,,0,-1,5,39
32,ALLOC,,L0B,8,17,0,42
33,MOVE,MTE1,,0,-1,2,43
34,CONV,CUBE,,0,-1,4,45
35,ALLOC,,L0B,8,18,0,48
36,MOVE,MTE1,,0,-1,2,49
37,CONV,CUBE,,0,-1,5,51
38,ALLOC,,L1,1,19,0,55
39,ALLOC,,L1,2,20,0,56
40,ALLOC,,L1,1,21,0,57
41,ALLOC,,L1,2,22,0,58
42,ALLOC,,L1,16,23,0,59
43,COPY_IN,MTE2,,0,-1,1,60
44,ALLOC,,L1,16,24,0,61
45,COPY_IN,MTE2,,0,-1,1,62
46,ALLOC,,L1,16,25,0,63
47,COPY_IN,MTE2,,0,-1,1,64
48,ALLOC,,L1,16,26,0,65
49,COPY_IN,MTE2,,0,-1,1,66
50,ALLOC,,L0B,8,27,0,67
51,MOVE,MTE1,,0,-1,2,68
52,CONV,CUBE,,0,-1,6,70
53,ALLOC,,L0B,8,28,0,72
54,MOVE,MTE1,,0,-1,2,73
55,CONV,CUBE,,0,-1,7,75
56,ALLOC,,L0B,8,29,0,78
57,MOVE,MTE1,,0,-1,2,79
58,CONV,CUBE,,0,-1,6,81
59,ALLOC,,L0B,8,30,0,84
60,MOVE,MTE1,,0,-1,2,85
61,CONV,CUBE,,0,-1,7,87
62,ALLOC,,L1,384,31,0,91
63,ALLOC,,L1,384,32,0,92
64,ALLOC,,L1,768,33,0,93
65,COPY_IN,MTE2,,0,-1,1,94
66,ALLOC,,L1,768,34,0,95
67,COPY_IN,MTE2,,0,-1,1,96
68,ALLOC,,L1,144,35,0,97
69,COPY_IN,MTE2,,0,-1,1,98
70,ALLOC,,L1,144,36,0,99
71,COPY_IN,MTE2,,0,-1,1,100
72,ALLOC,,L0B,72,37,0,101
73,MOVE,MTE1,,0,-1,2,102
74,CONV,CUBE,,0,-1,3,104
75,ALLOC,,L0B,72,38,0,106
76,MOVE,MTE1,,0,-1,2,107
77,CONV,CUBE,,0,-1,3,109
78,ALLOC,,L1,768,39,0,111
79,ALLOC,,L1,768,40,0,112
80,ALLOC,,L1,16,41,0,113
81,COPY_IN,MTE2,,0,-1,1,114
82,ALLOC,,L1,16,42,0,115
83,COPY_IN,MTE2,,0,-1,1,116
84,ALLOC,,L0B,8,43,0,117
85,MOVE,MTE1,,0,-1,2,118
86,CONV,CUBE,,0,-1,3,120
87,ALLOC,,L0B,8,44,0,122
88,MOVE,MTE1,,0,-1,2,123
89,CONV,CUBE,,0,-1,3,125
90,ALLOC,,L1,384,45,0,129
91,ALLOC,,L1,1536,46,0,130
92,ALLOC,,L1,384,47,0,131
93,ALLOC,,L1,1536,48,0,132
94,ALLOC,,L1,144,49,0,133
95,COPY_IN,MTE2,,0,-1,1,134
96,ALLOC,,L1,144,50,0,135
97,COPY_IN,MTE2,,0,-1,1,136
98,ALLOC,,L1,144,51,0,137
99,COPY_IN,MTE2,,0,-1,1,138
100,ALLOC,,L1,144,52,0,139
101,COPY_IN,MTE2,,0,-1,1,140
102,ALLOC,,L0B,72,53,0,141
103,MOVE,MTE1,,0,-1,2,142
104,CONV,CUBE,,0,-1,4,144
105,ALLOC,,L0B,72,54,0,146
106,MOVE,MTE1,,0,-1,2,147
107,CONV_ADD,CUBE,,0,-1,5,149
108,ALLOC,,L0B,72,55,0,153
109,MOVE,MTE1,,0,-1,2,154
110,CONV,CUBE,,0,-1,4,156
111,ALLOC,,L0B,72,56,0,159
112,MOVE,MTE1,,0,-1,2,160
113,CONV_ADD,CUBE,,0,-1,5,162
114,ALLOC,,L1,384,57,0,167
115,ALLOC,,L1,1536,58,0,168
116,ALLOC,,L1,384,59,0,169
117,ALLOC,,L1,1536,60,0,170
118,ALLOC,,L1,144,61,0,171
119,COPY_IN,MTE2,,0,-1,1,172
120,ALLOC,,L1,144,62,0,173
121,COPY_IN,MTE2,,0,-1,1,174
122,ALLOC,,L1,144,63,0,175
123,COPY_IN,MTE2,,0,-1,1,176
124,ALLOC,,L1,144,64,0,177
125,COPY_IN,MTE2,,0,-1,1,178
126,ALLOC,,L0B,72,65,0,179
127,MOVE,MTE1,,0,-1,2,180
128,CONV,CUBE,,0,-1,6,182
129,ALLOC,,L0B,72,66,0,184
130,MOVE,MTE1,,0,-1,2,185
131,CONV,CUBE,,0,-1,7,187
132,ALLOC,,L0B,72,67,0,190
133,MOVE,MTE1,,0,-1,2,191
134,CONV,CUBE,,0,-1,6,193
135,ALLOC,,L0B,72,68,0,195
136,MOVE,MTE1,,0,-1,2,196
137,CONV,CUBE,,0,-1,7,198
138,ALLOC,,L1,384,69,0,201
139,ALLOC,,L1,1536,70,0,202
140,ALLOC,,L1,384,71,0,203
141,ALLOC,,L1,1536,72,0,204
142,ALLOC,,L1,144,73,0,205
143,COPY_IN,MTE2,,0,-1,1,206
144,ALLOC,,L1,144,74,0,207
145,COPY_IN,MTE2,,0,-1,1,208
146,ALLOC,,L1,144,75,0,209
147,COPY_IN,MTE2,,0,-1,1,210
148,ALLOC,,L1,144,76,0,211
149,COPY_IN,MTE2,,0,-1,1,212
150,ALLOC,,L0B,72,77,0,213
151,MOVE,MTE1,,0,-1,2,214
152,CONV,CUBE,,0,-1,8,216
153,ALLOC,,L0B,72,78,0,218
154,MOVE,MTE1,,0,-1,2,219
155,CONV_ADD,CUBE,,0,-1,9,221
156,ALLOC,,L0B,72,79,0,225
157,MOVE,MTE1,,0,-1,2,226
158,CONV,CUBE,,0,-1,8,228
159,ALLOC,,L0B,72,80,0,231
160,MOVE,MTE1,,0,-1,2,232
161,CONV_ADD,CUBE,,0,-1,9,234
162,ALLOC,,L1,96,81,0,239
163,ALLOC,,L1,384,82,0,240
164,ALLOC,,L1,96,83,0,241
165,ALLOC,,L1,384,84,0,242
166,ALLOC,,L1,144,85,0,243
167,COPY_IN,MTE2,,0,-1,1,244
168,ALLOC,,L1,144,86,0,245
169,COPY_IN,MTE2,,0,-1,1,246
170,ALLOC,,L1,144,87,0,247
171,COPY_IN,MTE2,,0,-1,1,248
172,ALLOC,,L1,144,88,0,249
173,COPY_IN,MTE2,,0,-1,1,250
174,ALLOC,,L0B,72,89,0,251
175,MOVE,MTE1,,0,-1,2,252
176,CONV,CUBE,,0,-1,10,254
177,ALLOC,,L0B,72,90,0,256
178,MOVE,MTE1,,0,-1,2,257
179,CONV,CUBE,,0,-1,11,259
180,ALLOC,,L0B,72,91,0,262
181,MOVE,MTE1,,0,-1,2,263
182,CONV,CUBE,,0,-1,10,265
183,ALLOC,,L0B,72,92,0,267
184,MOVE,MTE1,,0,-1,2,268
185,CONV,CUBE,,0,-1,11,270
186,ALLOC,,L1,24,93,0,273
187,ALLOC,,L1,96,94,0,274
188,ALLOC,,L1,24,95,0,275
189,ALLOC,,L1,96,96,0,276
190,ALLOC,,L1,144,97,0,277
191,COPY_IN,MTE2,,0,-1,1,278
192,ALLOC,,L1,144,98,0,279
193,COPY_IN,MTE2,,0,-1,1,280
194,ALLOC,,L1,144,99,0,281
195,COPY_IN,MTE2,,0,-1,1,282
196,ALLOC,,L1,144,100,0,283
197,COPY_IN,MTE2,,0,-1,1,284
198,ALLOC,,L0B,72,101,0,285
199,MOVE,MTE1,,0,-1,2,286
200,CONV,CUBE,,0,-1,12,288
201,ALLOC,,L0B,72,102,0,290
202,MOVE,MTE1,,0,-1,2,291
203,CONV_ADD,CUBE,,0,-1,13,293
204,ALLOC,,L0B,72,103,0,297
205,MOVE,MTE1,,0,-1,2,298
206,CONV,CUBE,,0,-1,12,300
207,ALLOC,,L0B,72,104,0,303
208,MOVE,MTE1,,0,-1,2,304
209,CONV_ADD,CUBE,,0,-1,13,306
210,ALLOC,,L1,24,105,0,311
211,ALLOC,,L1,96,106,0,312
212,ALLOC,,L1,24,107,0,313
213,ALLOC,,L1,96,108,0,314
214,ALLOC,,L1,144,109,0,315
215,COPY_IN,MTE2,,0,-1,1,316
216,ALLOC,,L1,144,110,0,317
217,COPY_IN,MTE2,,0,-1,1,318
218,ALLOC,,L1,144,111,0,319
219,COPY_IN,MTE2,,0,-1,1,320
220,ALLOC,,L1,144,112,0,321
221,COPY_IN,MTE2,,0,-1,1,322
222,ALLOC,,L0B,72,113,0,323
223,MOVE,MTE1,,0,-1,2,324
224,CONV,CUBE,,0,-1,14,326
225,ALLOC,,L0B,72,114,0,328
226,MOVE,MTE1,,0,-1,2,329
227,CONV,CUBE,,0,-1,15,331
228,ALLOC,,L0B,72,115,0,334
229,MOVE,MTE1,,0,-1,2,335
230,CONV,CUBE,,0,-1,14,337
231,ALLOC,,L0B,72,116,0,340
232,MOVE,MTE1,,0,-1,2,341
233,CONV,CUBE,,0,-1,15,343
234,ALLOC,,L1,6,117,0,347
235,ALLOC,,L1,24,118,0,348
236,ALLOC,,L1,6,119,0,349
237,ALLOC,,L1,24,120,0,350
238,ALLOC,,L1,144,121,0,351
239,COPY_IN,MTE2,,0,-1,1,352
240,ALLOC,,L1,144,122,0,353
241,COPY_IN,MTE2,,0,-1,1,354
242,ALLOC,,L1,144,123,0,355
243,COPY_IN,MTE2,,0,-1,1,356
244,ALLOC,,L1,144,124,0,357
245,COPY_IN,MTE2,,0,-1,1,358
246,ALLOC,,L0B,72,125,0,359
247,MOVE,MTE1,,0,-1,2,360
248,CONV,CUBE,,0,-1,16,362
249,ALLOC,,L0B,72,126,0,364
250,MOVE,MTE1,,0,-1,2,365
251,CONV,CUBE,,0,-1,17,367
252,ALLOC,,L0B,72,127,0,370
253,MOVE,MTE1,,0,-1,2,371
254,CONV,CUBE,,0,-1,16,373
255,ALLOC,,L0B,72,128,0,376
256,MOVE,MTE1,,0,-1,2,377
257,CONV,CUBE,,0,-1,17,379
258,ALLOC,,L1,1,129,0,383
259,ALLOC,,L1,2,130,0,384
260,ALLOC,,L1,1,131,0,385
261,ALLOC,,L1,2,132,0,386
262,ALLOC,,L1,192,133,0,387
263,COPY_IN,MTE2,,0,-1,1,388
264,ALLOC,,L1,192,134,0,389
265,COPY_IN,MTE2,,0,-1,1,390
266,ALLOC,,L1,192,135,0,391
267,COPY_IN,MTE2,,0,-1,1,392
268,ALLOC,,L1,192,136,0,393
269,COPY_IN,MTE2,,0,-1,1,394
270,ALLOC,,L0B,96,137,0,395
271,MOVE,MTE1,,0,-1,2,396
272,CONV,CUBE,,0,-1,18,398
273,ALLOC,,L0B,96,138,0,400
274,MOVE,MTE1,,0,-1,2,401
275,CONV,CUBE,,0,-1,19,403
276,ALLOC,,L0B,96,139,0,406
277,MOVE,MTE1,,0,-1,2,407
278,CONV,CUBE,,0,-1,18,409
279,ALLOC,,L0B,96,140,0,412
280,MOVE,MTE1,,0,-1,2,413
281,CONV,CUBE,,0,-1,19,415
282,ALLOC,,L1,2,141,0,419
283,ALLOC,,L1,4,142,0,420
284,ALLOC,,L1,2,143,0,421
285,ALLOC,,L1,4,144,0,422
286,ALLOC,,L1,2,145,0,423
287,ALLOC,,L1,4,146,0,424
288,ALLOC,,L1,32,147,0,425
289,COPY_IN,MTE2,,0,-1,1,426
290,ALLOC,,L1,32,148,0,427
291,COPY_IN,MTE2,,0,-1,1,428
292,ALLOC,,L1,32,149,0,429
293,COPY_IN,MTE2,,0,-1,1,430
294,ALLOC,,L1,32,150,0,431
295,COPY_IN,MTE2,,0,-1,1,432
296,ALLOC,,L1,32,151,0,433
297,COPY_IN,MTE2,,0,-1,1,434
298,ALLOC,,L1,32,152,0,435
299,COPY_IN,MTE2,,0,-1,1,436
300,ALLOC,,L0B,16,153,0,437
301,MOVE,MTE1,,0,-1,2,438
302,CONV,CUBE,,0,-1,20,440
303,ALLOC,,L0B,16,154,0,442
304,MOVE,MTE1,,0,-1,2,443
305,CONV,CUBE,,0,-1,21,445
306,ALLOC,,L0B,16,155,0,450
307,MOVE,MTE1,,0,-1,2,451
308,CONV,CUBE,,0,-1,20,453
309,ALLOC,,L0B,16,156,0,455
310,MOVE,MTE1,,0,-1,2,456
311,CONV,CUBE,,0,-1,21,458
312,ALLOC,,L0B,16,157,0,463
313,MOVE,MTE1,,0,-1,2,464
314,CONV,CUBE,,0,-1,20,466
315,ALLOC,,L0B,16,158,0,468
316,MOVE,MTE1,,0,-1,2,469
317,CONV,CUBE,,0,-1,21,471
318,COPY_OUT,MTE3,,0,-1,22,448
319,COPY_OUT,MTE3,,0,-1,22,461
320,COPY_OUT,MTE3,,0,-1,22,474
321,ALLOC,,L1,1,159,0,476
322,ALLOC,,L1,2,160,0,477
323,ALLOC,,L1,1,161,0,478
324,ALLOC,,L1,2,162,0,479
325,ALLOC,,L1,1,163,0,480
326,ALLOC,,L1,2,164,0,481
327,ALLOC,,L1,1,165,0,482
328,ALLOC,,L1,2,166,0,483
329,ALLOC,,L1,16,167,0,484
330,COPY_IN,MTE2,,0,-1,1,485
331,ALLOC,,L1,16,168,0,486
332,COPY_IN,MTE2,,0,-1,1,487
333,ALLOC,,L1,16,169,0,488
334,COPY_IN,MTE2,,0,-1,1,489
335,ALLOC,,L1,16,170,0,490
336,COPY_IN,MTE2,,0,-1,1,491
337,ALLOC,,L1,16,171,0,492
338,COPY_IN,MTE2,,0,-1,1,493
339,ALLOC,,L1,16,172,0,494
340,COPY_IN,MTE2,,0,-1,1,495
341,ALLOC,,L1,16,173,0,496
342,COPY_IN,MTE2,,0,-1,1,497
343,ALLOC,,L1,16,174,0,498
344,COPY_IN,MTE2,,0,-1,1,499
345,ALLOC,,L0B,8,175,0,500
346,MOVE,MTE1,,0,-1,2,501
347,CONV,CUBE,,0,-1,20,503
348,ALLOC,,L0B,8,176,0,505
349,MOVE,MTE1,,0,-1,2,506
350,CONV,CUBE,,0,-1,21,508
351,ALLOC,,L0B,8,177,0,511
352,MOVE,MTE1,,0,-1,2,512
353,CONV,CUBE,,0,-1,20,514
354,ALLOC,,L0B,8,178,0,516
355,MOVE,MTE1,,0,-1,2,517
356,CONV,CUBE,,0,-1,21,519
357,ALLOC,,L0B,8,179,0,522
358,MOVE,MTE1,,0,-1,2,523
359,CONV,CUBE,,0,-1,20,525
360,ALLOC,,L0B,8,180,0,527
361,MOVE,MTE1,,0,-1,2,528
362,CONV,CUBE,,0,-1,21,530
363,ALLOC,,L0B,8,181,0,533
364,MOVE,MTE1,,0,-1,2,534
365,CONV,CUBE,,0,-1,20,536
366,ALLOC,,L0B,8,182,0,538
367,MOVE,MTE1,,0,-1,2,539
368,CONV,CUBE,,0,-1,21,541
369,ALLOC,,L1,1,183,0,544
370,ALLOC,,L1,2,184,0,545
371,ALLOC,,L1,1,185,0,546
372,ALLOC,,L1,2,186,0,547
373,ALLOC,,L1,1,187,0,548
374,ALLOC,,L1,2,188,0,549
375,ALLOC,,L1,1,189,0,550
376,ALLOC,,L1,2,190,0,551
377,ALLOC,,L1,16,191,0,552
378,COPY_IN,MTE2,,0,-1,1,553
379,ALLOC,,L1,16,192,0,554
380,COPY_IN,MTE2,,0,-1,1,555
381,ALLOC,,L1,16,193,0,556
382,COPY_IN,MTE2,,0,-1,1,557
383,ALLOC,,L1,16,194,0,558
384,COPY_IN,MTE2,,0,-1,1,559
385,ALLOC,,L1,16,195,0,560
386,COPY_IN,MTE2,,0,-1,1,561
387,ALLOC,,L1,16,196,0,562
388,COPY_IN,MTE2,,0,-1,1,563
389,ALLOC,,L1,16,197,0,564
390,COPY_IN,MTE2,,0,-1,1,565
391,ALLOC,,L1,16,198,0,566
392,COPY_IN,MTE2,,0,-1,1,567
393,ALLOC,,L0B,8,199,0,568
394,MOVE,MTE1,,0,-1,2,569
395,CONV,CUBE,,0,-1,20,571
396,ALLOC,,L0B,8,200,0,573
397,MOVE,MTE1,,0,-1,2,574
398,CONV,CUBE,,0,-1,21,576
399,ALLOC,,L0B,8,201,0,579
400,MOVE,MTE1,,0,-1,2,580
401,CONV,CUBE,,0,-1,20,582
402,ALLOC,,L0B,8,202,0,584
403,MOVE,MTE1,,0,-1,2,585
404,CONV,CUBE,,0,-1,21,587
405,ALLOC,,L0B,8,203,0,590
406,MOVE,MTE1,,0,-1,2,591
407,CONV,CUBE,,0,-1,20,593
408,ALLOC,,L0B,8,204,0,595
409,MOVE,MTE1,,0,-1,2,596
410,CONV,CUBE,,0,-1,21,598
411,ALLOC,,L0B,8,205,0,601
412,MOVE,MTE1,,0,-1,2,602
413,CONV,CUBE,,0,-1,20,604
414,ALLOC,,L0B,8,206,0,606
415,MOVE,MTE1,,0,-1,2,607
416,CONV,CUBE,,0,-1,21,609
417,ALLOC,,L1,1,207,0,612
418,ALLOC,,L1,2,208,0,613
419,ALLOC,,L1,1,209,0,614
420,ALLOC,,L1,2,210,0,615
421,ALLOC,,L1,1,211,0,616
422,ALLOC,,L1,2,212,0,617
423,ALLOC,,L1,1,213,0,618
424,ALLOC,,L1,2,214,0,619
425,ALLOC,,L1,16,215,0,620
426,COPY_IN,MTE2,,0,-1,1,621
427,ALLOC,,L1,16,216,0,622
428,COPY_IN,MTE2,,0,-1,1,623
429,ALLOC,,L1,16,217,0,624
430,COPY_IN,MTE2,,0,-1,1,625
431,ALLOC,,L1,16,218,0,626
432,COPY_IN,MTE2,,0,-1,1,627
433,ALLOC,,L1,16,219,0,628
434,COPY_IN,MTE2,,0,-1,1,629
435,ALLOC,,L1,16,220,0,630
436,COPY_IN,MTE2,,0,-1,1,631
437,ALLOC,,L1,16,221,0,632
438,COPY_IN,MTE2,,0,-1,1,633
439,ALLOC,,L1,16,222,0,634
440,COPY_IN,MTE2,,0,-1,1,635
441,ALLOC,,L0B,8,223,0,636
442,MOVE,MTE1,,0,-1,2,637
443,CONV,CUBE,,0,-1,20,639
444,ALLOC,,L0B,8,224,0,641
445,MOVE,MTE1,,0,-1,2,642
446,CONV,CUBE,,0,-1,21,644
447,ALLOC,,L0B,8,225,0,647
448,MOVE,MTE1,,0,-1,2,648
449,CONV,CUBE,,0,-1,20,650
450,ALLOC,,L0B,8,226,0,652
451,MOVE,MTE1,,0,-1,2,653
452,CONV,CUBE,,0,-1,21,655
453,ALLOC,,L0B,8,227,0,658
454,MOVE,MTE1,,0,-1,2,659
455,CONV,CUBE,,0,-1,20,661
456,ALLOC,,L0B,8,228,0,663
457,MOVE,MTE1,,0,-1,2,664
458,CONV,CUBE,,0,-1,21,666
459,ALLOC,,L0B,8,229,0,669
460,MOVE,MTE1,,0,-1,2,670
461,CONV,CUBE,,0,-1,20,672
462,ALLOC,,L0B,8,230,0,675
463,MOVE,MTE1,,0,-1,2,676
464,CONV,CUBE,,0,-1,21,678
465,ALLOC,,L1,96,231,0,682
466,ALLOC,,L1,384,232,0,683
467,ALLOC,,L1,96,233,0,684
468,ALLOC,,L1,384,234,0,685
469,ALLOC,,L1,96,235,0,686
470,ALLOC,,L1,384,236,0,687
471,ALLOC,,L1,96,237,0,688
472,ALLOC,,L1,384,238,0,689
473,ALLOC,,L1,144,239,0,690
474,COPY_IN,MTE2,,0,-1,1,691
475,ALLOC,,L1,144,240,0,692
476,COPY_IN,MTE2,,0,-1,1,693
477,ALLOC,,L1,144,241,0,694
478,COPY_IN,MTE2,,0,-1,1,695
479,ALLOC,,L1,144,242,0,696
480,COPY_IN,MTE2,,0,-1,1,697
481,ALLOC,,L1,144,243,0,698
482,COPY_IN,MTE2,,0,-1,1,699
483,ALLOC,,L1,144,244,0,700
484,COPY_IN,MTE2,,0,-1,1,701
485,ALLOC,,L1,144,245,0,702
486,COPY_IN,MTE2,,0,-1,1,703
487,ALLOC,,L1,144,246,0,704
488,COPY_IN,MTE2,,0,-1,1,705
489,ALLOC,,L0B,72,247,0,706
490,MOVE,MTE1,,0,-1,2,707
491,CONV,CUBE,,0,-1,10,709
492,ALLOC,,L0B,72,248,0,711
493,MOVE,MTE1,,0,-1,2,712
494,CONV,CUBE,,0,-1,11,714
495,ALLOC,,L0B,72,249,0,717
496,MOVE,MTE1,,0,-1,2,718
497,CONV,CUBE,,0,-1,10,720
498,ALLOC,,L0B,72,250,0,722
499,MOVE,MTE1,,0,-1,2,723
500,CONV,CUBE,,0,-1,11,725
501,ALLOC,,L0B,72,251,0,728
502,MOVE,MTE1,,0,-1,2,729
503,CONV,CUBE,,0,-1,10,731
504,ALLOC,,L0B,72,252,0,733
505,MOVE,MTE1,,0,-1,2,734
506,CONV,CUBE,,0,-1,11,736
507,ALLOC,,L0B,72,253,0,739
508,MOVE,MTE1,,0,-1,2,740
509,CONV,CUBE,,0,-1,10,742
510,ALLOC,,L0B,72,254,0,744
511,MOVE,MTE1,,0,-1,2,745
512,CONV,CUBE,,0,-1,11,747
513,ALLOC,,L1,96,255,0,750
514,ALLOC,,L1,384,256,0,751
515,ALLOC,,L1,96,257,0,752
516,ALLOC,,L1,384,258,0,753
517,ALLOC,,L1,96,259,0,754
518,ALLOC,,L1,384,260,0,755
519,ALLOC,,L1,96,261,0,756
520,ALLOC,,L1,384,262,0,757
521,ALLOC,,L1,144,263,0,758
522,COPY_IN,MTE2,,0,-1,1,759
523,ALLOC,,L1,144,264,0,760
524,COPY_IN,MTE2,,0,-1,1,761
525,ALLOC,,L1,144,265,0,762
526,COPY_IN,MTE2,,0,-1,1,763
527,ALLOC,,L1,144,266,0,764
528,COPY_IN,MTE2,,0,-1,1,765
529,ALLOC,,L1,144,267,0,766
530,COPY_IN,MTE2,,0,-1,1,767
531,ALLOC,,L1,144,268,0,768
532,COPY_IN,MTE2,,0,-1,1,769
533,ALLOC,,L1,144,269,0,770
534,COPY_IN,MTE2,,0,-1,1,771
535,ALLOC,,L1,144,270,0,772
536,COPY_IN,MTE2,,0,-1,1,773
537,ALLOC,,L1,144,271,0,774
538,COPY_IN,MTE2,,0,-1,1,775
539,ALLOC,,L1,144,272,0,776
540,COPY_IN,MTE2,,0,-1,1,777
541,ALLOC,,L1,144,273,0,778
542,COPY_IN,MTE2,,0,-1,1,779
543,ALLOC,,L1,144,274,0,780
544,COPY_IN,MTE2,,0,-1,1,781
545,ALLOC,,L1,144,275,0,782
546,COPY_IN,MTE2,,0,-1,1,783
547,ALLOC,,L1,144,276,0,784
548,COPY_IN,MTE2,,0,-1,1,785
549,ALLOC,,L1,144,277,0,786
550,COPY_IN,MTE2,,0,-1,1,787
551,ALLOC,,L1,144,278,0,788
552,COPY_IN,MTE2,,0,-1,1,789
553,ALLOC,,L0B,72,279,0,790
554,MOVE,MTE1,,0,-1,2,791
555,CONV,CUBE,,0,-1,12,793
556,ALLOC,,L0B,72,280,0,795
557,MOVE,MTE1,,0,-1,2,796
558,CONV,CUBE,,0,-1,13,798
559,ALLOC,,L0B,72,281,0,800
560,MOVE,MTE1,,0,-1,2,801
561,CONV,CUBE,,0,-1,14,803
562,ALLOC,,L0B,72,282,0,805
563,MOVE,MTE1,,0,-1,2,806
564,CONV,CUBE,,0,-1,15,808
565,ALLOC,,L0B,72,283,0,811
566,MOVE,MTE1,,0,-1,2,812
567,CONV,CUBE,,0,-1,12,814
568,ALLOC,,L0B,72,284,0,816
569,MOVE,MTE1,,0,-1,2,817
570,CONV,CUBE,,0,-1,13,819
571,ALLOC,,L0B,72,285,0,821
572,MOVE,MTE1,,0,-1,2,822
573,CONV,CUBE,,0,-1,14,824
574,ALLOC,,L0B,72,286,0,826
575,MOVE,MTE1,,0,-1,2,827
576,CONV,CUBE,,0,-1,15,829
577,ALLOC,,L0B,72,287,0,832
578,MOVE,MTE1,,0,-1,2,833
579,CONV,CUBE,,0,-1,12,835
580,ALLOC,,L0B,72,288,0,837
581,MOVE,MTE1,,0,-1,2,838
582,CONV,CUBE,,0,-1,13,840
583,ALLOC,,L0B,72,289,0,842
584,MOVE,MTE1,,0,-1,2,843
585,CONV,CUBE,,0,-1,14,845
586,ALLOC,,L0B,72,290,0,847
587,MOVE,MTE1,,0,-1,2,848
588,CONV,CUBE,,0,-1,15,850
589,ALLOC,,L0B,72,291,0,853
590,MOVE,MTE1,,0,-1,2,854
591,CONV,CUBE,,0,-1,12,856
592,ALLOC,,L0B,72,292,0,859
593,MOVE,MTE1,,0,-1,2,860
594,CONV,CUBE,,0,-1,13,862
595,ALLOC,,L0B,72,293,0,865
596,MOVE,MTE1,,0,-1,2,866
597,CONV,CUBE,,0,-1,14,868
598,ALLOC,,L0B,72,294,0,871
599,MOVE,MTE1,,0,-1,2,872
600,CONV,CUBE,,0,-1,15,874
601,ALLOC,,L1,24,295,0,878
602,ALLOC,,L1,96,296,0,879
603,ALLOC,,L1,24,297,0,880
604,ALLOC,,L1,96,298,0,881
605,ALLOC,,L1,24,299,0,882
606,ALLOC,,L1,96,300,0,883
607,ALLOC,,L1,24,301,0,884
608,ALLOC,,L1,96,302,0,885
609,ALLOC,,L1,144,303,0,886
610,COPY_IN,MTE2,,0,-1,1,887
611,ALLOC,,L1,144,304,0,888
612,COPY_IN,MTE2,,0,-1,1,889
613,ALLOC,,L1,144,305,0,890
614,COPY_IN,MTE2,,0,-1,1,891
615,ALLOC,,L1,144,306,0,892
616,COPY_IN,MTE2,,0,-1,1,893
617,ALLOC,,L1,144,307,0,894
618,COPY_IN,MTE2,,0,-1,1,895
619,ALLOC,,L1,144,308,0,896
620,COPY_IN,MTE2,,0,-1,1,897
621,ALLOC,,L1,144,309,0,898
622,COPY_IN,MTE2,,0,-1,1,899
623,ALLOC,,L1,144,310,0,900
624,COPY_IN,MTE2,,0,-1,1,901
625,ALLOC,,L1,144,311,0,902
626,COPY_IN,MTE2,,0,-1,1,903
627,ALLOC,,L1,144,312,0,904
628,COPY_IN,MTE2,,0,-1,1,905
629,ALLOC,,L1,144,313,0,906
630,COPY_IN,MTE2,,0,-1,1,907
631,ALLOC,,L1,144,314,0,908
632,COPY_IN,MTE2,,0,-1,1,909
633,ALLOC,,L1,144,315,0,910
634,COPY_IN,MTE2,,0,-1,1,911
635,ALLOC,,L1,144,316,0,912
636,COPY_IN,MTE2,,0,-1,1,913
637,ALLOC,,L1,144,317,0,914
638,COPY_IN,MTE2,,0,-1,1,915
639,ALLOC,,L1,144,318,0,916
640,COPY_IN,MTE2,,0,-1,1,917
641,ALLOC,,L0B,72,319,0,918
642,MOVE,MTE1,,0,-1,2,919
643,CONV,CUBE,,0,-1,16,921
644,ALLOC,,L0B,72,320,0,923
645,MOVE,MTE1,,0,-1,2,924
646,CONV,CUBE,,0,-1,17,926
647,ALLOC,,L0B,72,321,0,928
648,MOVE,MTE1,,0,-1,2,929
649,CONV,CUBE,,0,-1,18,931
650,ALLOC,,L0B,72,322,0,933
651,MOVE,MTE1,,0,-1,2,934
652,CONV,CUBE,,0,-1,19,936
653,ALLOC,,L0B,72,323,0,939
654,MOVE,MTE1,,0,-1,2,940
655,CONV,CUBE,,0,-1,16,942
656,ALLOC,,L0B,72,324,0,944
657,MOVE,MTE1,,0,-1,2,945
658,CONV,CUBE,,0,-1,17,947
659,ALLOC,,L0B,72,325,0,949
660,MOVE,MTE1,,0,-1,2,950
661,CONV,CUBE,,0,-1,18,952
662,ALLOC,,L0B,72,326,0,954
663,MOVE,MTE1,,0,-1,2,955
664,CONV,CUBE,,0,-1,19,957
665,ALLOC,,L0B,72,327,0,960
666,MOVE,MTE1,,0,-1,2,961
667,CONV,CUBE,,0,-1,16,963
668,ALLOC,,L0B,72,328,0,965
669,MOVE,MTE1,,0,-1,2,966
670,CONV,CUBE,,0,-1,17,968
671,ALLOC,,L0B,72,329,0,970
672,MOVE,MTE1,,0,-1,2,971
673,CONV,CUBE,,0,-1,18,973
674,ALLOC,,L0B,72,330,0,975
675,MOVE,MTE1,,0,-1,2,976
676,CONV,CUBE,,0,-1,19,978
677,ALLOC,,L0B,72,331,0,981
678,MOVE,MTE1,,0,-1,2,982
679,CONV,CUBE,,0,-1,16,984
680,ALLOC,,L0B,72,332,0,986
681,MOVE,MTE1,,0,-1,2,987
682,CONV,CUBE,,0,-1,17,989
683,ALLOC,,L0B,72,333,0,991
684,MOVE,MTE1,,0,-1,2,992
685,CONV,CUBE,,0,-1,18,994
686,ALLOC,,L0B,72,334,0,996
687,MOVE,MTE1,,0,-1,2,997
688,CONV,CUBE,,0,-1,19,999
689,ALLOC,,L1,48,335,0,1002
690,ALLOC,,L1,96,336,0,1003
691,ALLOC,,L1,48,337,0,1004
692,ALLOC,,L1,96,338,0,1005
693,ALLOC,,L1,48,339,0,1006
694,ALLOC,,L1,96,340,0,1007
695,ALLOC,,L1,48,341,0,1008
696,ALLOC,,L1,96,342,0,1009
697,ALLOC,,L1,144,343,0,1010
698,COPY_IN,MTE2,,0,-1,1,1011
699,ALLOC,,L1,144,344,0,1012
700,COPY_IN,MTE2,,0,-1,1,1013
701,ALLOC,,L1,144,345,0,1014
702,COPY_IN,MTE2,,0,-1,1,1015
703,ALLOC,,L1,144,346,0,1016
704,COPY_IN,MTE2,,0,-1,1,1017
705,ALLOC,,L1,144,347,0,1018
706,COPY_IN,MTE2,,0,-1,1,1019
707,ALLOC,,L1,144,348,0,1020
708,COPY_IN,MTE2,,0,-1,1,1021
709,ALLOC,,L1,144,349,0,1022
710,COPY_IN,MTE2,,0,-1,1,1023
711,ALLOC,,L1,144,350,0,1024
712,COPY_IN,MTE2,,0,-1,1,1025
713,ALLOC,,L1,144,351,0,1026
714,COPY_IN,MTE2,,0,-1,1,1027
715,ALLOC,,L1,144,352,0,1028
716,COPY_IN,MTE2,,0,-1,1,1029
717,ALLOC,,L1,144,353,0,1030
718,COPY_IN,MTE2,,0,-1,1,1031
719,ALLOC,,L1,144,354,0,1032
720,COPY_IN,MTE2,,0,-1,1,1033
721,ALLOC,,L1,144,355,0,1034
722,COPY_IN,MTE2,,0,-1,1,1035
723,ALLOC,,L1,144,356,0,1036
724,COPY_IN,MTE2,,0,-1,1,1037
725,ALLOC,,L1,144,357,0,1038
726,COPY_IN,MTE2,,0,-1,1,1039
727,ALLOC,,L1,144,358,0,1040
728,COPY_IN,MTE2,,0,-1,1,1041
729,ALLOC,,L0B,72,359,0,1042
730,MOVE,MTE1,,0,-1,2,1043
731,CONV,CUBE,,0,-1,20,1045
732,ALLOC,,L0B,72,360,0,1047
733,MOVE,MTE1,,0,-1,2,1048
734,CONV,CUBE,,0,-1,21,1050
735,ALLOC,,L0B,72,361,0,1052
736,MOVE,MTE1,,0,-1,2,1053
737,CONV,CUBE,,0,-1,22,1055
738,ALLOC,,L0B,72,362,0,1057
739,MOVE,MTE1,,0,-1,2,1058
740,CONV_ADD,CUBE,,0,-1,23,1060
741,ALLOC,,L0B,72,363,0,1064
742,MOVE,MTE1,,0,-1,2,1065
743,CONV,CUBE,,0,-1,20,1067
744,ALLOC,,L0B,72,364,0,1069
745,MOVE,MTE1,,0,-1,2,1070
746,CONV,CUBE,,0,-1,21,1072
747,ALLOC,,L0B,72,365,0,1074
748,MOVE,MTE1,,0,-1,2,1075
749,CONV,CUBE,,0,-1,22,1077
750,ALLOC,,L0B,72,366,0,1079
751,MOVE,MTE1,,0,-1,2,1080
752,CONV_ADD,CUBE,,0,-1,23,1082
753,ALLOC,,L0B,72,367,0,1086
754,MOVE,MTE1,,0,-1,2,1087
755,CONV,CUBE,,0,-1,20,1089
756,ALLOC,,L0B,72,368,0,1091
757,MOVE,MTE1,,0,-1,2,1092
758,CONV,CUBE,,0,-1,21,1094
759,ALLOC,,L0B,72,369,0,1096
760,MOVE,MTE1,,0,-1,2,1097
761,CONV,CUBE,,0,-1,22,1099
762,ALLOC,,L0B,72,370,0,1101
763,MOVE,MTE1,,0,-1,2,1102
764,CONV_ADD,CUBE,,0,-1,23,1104
765,ALLOC,,L0B,72,371,0,1108
766,MOVE,MTE1,,0,-1,2,1109
767,CONV,CUBE,,0,-1,20,1111
768,ALLOC,,L0B,72,372,0,1114
769,MOVE,MTE1,,0,-1,2,1115
770,CONV,CUBE,,0,-1,21,1117
771,ALLOC,,L0B,72,373,0,1120
772,MOVE,MTE1,,0,-1,2,1121
773,CONV,CUBE,,0,-1,22,1123
774,ALLOC,,L0B,72,374,0,1126
775,MOVE,MTE1,,0,-1,2,1127
776,CONV_ADD,CUBE,,0,-1,23,1129
777,ALLOC,,L1,48,375,0,1134
778,ALLOC,,L1,64,376,0,1135
779,COPY_IN,MTE2,,0,-1,1,1136
780,ALLOC,,L0B,32,377,0,1137
781,MOVE,MTE1,,0,-1,2,1138
782,CONV,CUBE,,0,-1,24,1140
783,ALLOC,,L1,48,378,0,1142
784,ALLOC,,L1,64,379,0,1143
785,COPY_IN,MTE2,,0,-1,1,1144
786,ALLOC,,L0B,32,380,0,1145
787,MOVE,MTE1,,0,-1,2,1146
788,CONV,CUBE,,0,-1,24,1148
789,ALLOC,,L1,48,381,0,1150
790,ALLOC,,L1,64,382,0,1151
791,COPY_IN,MTE2,,0,-1,1,1152
792,ALLOC,,L0B,32,383,0,1153
793,MOVE,MTE1,,0,-1,2,1154
794,CONV,CUBE,,0,-1,24,1156
795,ALLOC,,L1,48,384,0,1158
796,ALLOC,,L1,64,385,0,1159
797,COPY_IN,MTE2,,0,-1,1,1160
798,ALLOC,,L0B,32,386,0,1161
799,MOVE,MTE1,,0,-1,2,1162
800,CONV,CUBE,,0,-1,24,1164
801,ALLOC,,L1,48,387,0,1166
802,ALLOC,,L1,64,388,0,1167
803,COPY_IN,MTE2,,0,-1,1,1168
804,ALLOC,,L0B,32,389,0,1169
805,MOVE,MTE1,,0,-1,2,1170
806,CONV,CUBE,,0,-1,24,1172
807,ALLOC,,L1,48,390,0,1174
808,ALLOC,,L1,64,391,0,1175
809,COPY_IN,MTE2,,0,-1,1,1176
810,ALLOC,,L0B,32,392,0,1177
811,MOVE,MTE1,,0,-1,2,1178
812,CONV,CUBE,,0,-1,24,1180
813,ALLOC,,L1,48,393,0,1182
814,ALLOC,,L1,64,394,0,1183
815,COPY_IN,MTE2,,0,-1,1,1184
816,ALLOC,,L0B,32,395,0,1185
817,MOVE,MTE1,,0,-1,2,1186
818,CONV,CUBE,,0,-1,24,1188
819,ALLOC,,L1,48,396,0,1190
820,ALLOC,,L1,64,397,0,1191
821,COPY_IN,MTE2,,0,-1,1,1192
822,ALLOC,,L0B,32,398,0,1193
823,MOVE,MTE1,,0,-1,2,1194
824,CONV,CUBE,,0,-1,24,1196
825,ALLOC,,L1,48,399,0,1198
826,ALLOC,,L1,64,400,0,1199
827,COPY_IN,MTE2,,0,-1,1,1200
828,ALLOC,,L0B,32,401,0,1201
829,MOVE,MTE1,,0,-1,2,1202
830,CONV,CUBE,,0,-1,24,1204
831,ALLOC,,L1,48,402,0,1206
832,ALLOC,,L1,64,403,0,1207
833,COPY_IN,MTE2,,0,-1,1,1208
834,ALLOC,,L0B,32,404,0,1209
835,MOVE,MTE1,,0,-1,2,1210
836,CONV,CUBE,,0,-1,24,1212
837,ALLOC,,L1,48,405,0,1214
838,ALLOC,,L1,64,406,0,1215
839,COPY_IN,MTE2,,0,-1,1,1216
840,ALLOC,,L0B,32,407,0,1217
841,MOVE,MTE1,,0,-1,2,1218
842,CONV,CUBE,,0,-1,24,1220
843,ALLOC,,L1,48,408,0,1222
844,ALLOC,,L1,64,409,0,1223
845,COPY_IN,MTE2,,0,-1,1,1224
846,ALLOC,,L0B,32,410,0,1225
847,MOVE,MTE1,,0,-1,2,1226
848,CONV,CUBE,,0,-1,24,1228
849,ALLOC,,L1,48,411,0,1230
850,ALLOC,,L1,64,412,0,1231
851,COPY_IN,MTE2,,0,-1,1,1232
852,ALLOC,,L0B,32,413,0,1233
853,MOVE,MTE1,,0,-1,2,1234
854,CONV,CUBE,,0,-1,24,1236
855,ALLOC,,L1,48,414,0,1239
856,ALLOC,,L1,64,415,0,1240
857,COPY_IN,MTE2,,0,-1,1,1241
858,ALLOC,,L0B,32,416,0,1242
859,MOVE,MTE1,,0,-1,2,1243
860,CONV,CUBE,,0,-1,24,1245
861,ALLOC,,L1,48,417,0,1248
862,ALLOC,,L1,64,418,0,1249
863,COPY_IN,MTE2,,0,-1,1,1250
864,ALLOC,,L0B,32,419,0,1251
865,MOVE,MTE1,,0,-1,2,1252
866,CONV,CUBE,,0,-1,24,1254
867,ALLOC,,L1,48,420,0,1257
868,ALLOC,,L1,64,421,0,1258
869,COPY_IN,MTE2,,0,-1,1,1259
870,ALLOC,,L0B,32,422,0,1260
871,MOVE,MTE1,,0,-1,2,1261
872,CONV,CUBE,,0,-1,24,1263
873,ALLOC,,L1,192,423,0,1266
874,ALLOC,,L1,192,424,0,1267
875,D2S,MTE1,,0,-1,25,1268
876,ALLOC,,L1,192,425,0,1274
877,ALLOC,,L1,192,426,0,1275
878,D2S,MTE1,,0,-1,25,1276
879,ALLOC,,L1,192,427,0,1282
880,ALLOC,,L1,192,428,0,1283
881,D2S,MTE1,,0,-1,25,1284
882,ALLOC,,L1,192,429,0,1290
883,ALLOC,,L1,192,430,0,1291
884,D2S,MTE1,,0,-1,25,1292
885,ALLOC,,L1,96,431,0,1298
886,ALLOC,,L1,384,432,0,1299
887,ALLOC,,L1,96,433,0,1300
888,ALLOC,,L1,384,434,0,1301
889,ALLOC,,L1,96,435,0,1302
890,ALLOC,,L1,384,436,0,1303
891,ALLOC,,L1,96,437,0,1304
892,ALLOC,,L1,384,438,0,1305
893,ALLOC,,L1,144,439,0,1306
894,COPY_IN,MTE2,,0,-1,1,1307
895,ALLOC,,L1,144,440,0,1308
896,COPY_IN,MTE2,,0,-1,1,1309
897,ALLOC,,L1,144,441,0,1310
898,COPY_IN,MTE2,,0,-1,1,1311
899,ALLOC,,L1,144,442,0,1312
900,COPY_IN,MTE2,,0,-1,1,1313
901,ALLOC,,L1,144,443,0,1314
902,COPY_IN,MTE2,,0,-1,1,1315
903,ALLOC,,L1,144,444,0,1316
904,COPY_IN,MTE2,,0,-1,1,1317
905,ALLOC,,L1,144,445,0,1318
906,COPY_IN,MTE2,,0,-1,1,1319
907,ALLOC,,L1,144,446,0,1320
908,COPY_IN,MTE2,,0,-1,1,1321
909,ALLOC,,L1,144,447,0,1322
910,COPY_IN,MTE2,,0,-1,1,1323
911,ALLOC,,L1,144,448,0,1324
912,COPY_IN,MTE2,,0,-1,1,1325
913,ALLOC,,L1,144,449,0,1326
914,COPY_IN,MTE2,,0,-1,1,1327
915,ALLOC,,L1,144,450,0,1328
916,COPY_IN,MTE2,,0,-1,1,1329
917,ALLOC,,L1,144,451,0,1330
918,COPY_IN,MTE2,,0,-1,1,1331
919,ALLOC,,L1,144,452,0,1332
920,COPY_IN,MTE2,,0,-1,1,1333
921,ALLOC,,L1,144,453,0,1334
922,COPY_IN,MTE2,,0,-1,1,1335
923,ALLOC,,L1,144,454,0,1336
924,COPY_IN,MTE2,,0,-1,1,1337
925,ALLOC,,L0B,72,455,0,1338
926,MOVE,MTE1,,0,-1,2,1339
927,CONV,CUBE,,0,-1,16,1341
928,ALLOC,,L0B,72,456,0,1343
929,MOVE,MTE1,,0,-1,2,1344
930,CONV,CUBE,,0,-1,17,1346
931,ALLOC,,L0B,72,457,0,1348
932,MOVE,MTE1,,0,-1,2,1349
933,CONV,CUBE,,0,-1,18,1351
934,ALLOC,,L0B,72,458,0,1353
935,MOVE,MTE1,,0,-1,2,1354
936,CONV_ADD,CUBE,,0,-1,26,1356
937,ALLOC,,L0B,72,459,0,1360
938,MOVE,MTE1,,0,-1,2,1361
939,CONV,CUBE,,0,-1,16,1363
940,ALLOC,,L0B,72,460,0,1365
941,MOVE,MTE1,,0,-1,2,1366
942,CONV,CUBE,,0,-1,17,1368
943,ALLOC,,L0B,72,461,0,1370
944,MOVE,MTE1,,0,-1,2,1371
945,CONV,CUBE,,0,-1,18,1373
946,ALLOC,,L0B,72,462,0,1375
947,MOVE,MTE1,,0,-1,2,1376
948,CONV_ADD,CUBE,,0,-1,26,1378
949,ALLOC,,L0B,72,463,0,1382
950,MOVE,MTE1,,0,-1,2,1383
951,CONV,CUBE,,0,-1,16,1385
952,ALLOC,,L0B,72,464,0,1387
953,MOVE,MTE1,,0,-1,2,1388
954,CONV,CUBE,,0,-1,17,1390
955,ALLOC,,L0B,72,465,0,1392
956,MOVE,MTE1,,0,-1,2,1393
957,CONV,CUBE,,0,-1,18,1395
958,ALLOC,,L0B,72,466,0,1397
959,MOVE,MTE1,,0,-1,2,1398
960,CONV_ADD,CUBE,,0,-1,26,1400
961,ALLOC,,L0B,72,467,0,1404
962,MOVE,MTE1,,0,-1,2,1405
963,CONV,CUBE,,0,-1,16,1407
964,ALLOC,,L0B,72,468,0,1410
965,MOVE,MTE1,,0,-1,2,1411
966,CONV,CUBE,,0,-1,17,1413
967,ALLOC,,L0B,72,469,0,1416
968,MOVE,MTE1,,0,-1,2,1417
969,CONV,CUBE,,0,-1,18,1419
970,ALLOC,,L0B,72,470,0,1422
971,MOVE,MTE1,,0,-1,2,1423
972,CONV_ADD,CUBE,,0,-1,26,1425
973,ALLOC,,L1,192,471,0,1430
974,ALLOC,,L1,384,472,0,1431
975,ALLOC,,L1,192,473,0,1432
976,ALLOC,,L1,384,474,0,1433
977,ALLOC,,L1,192,475,0,1434
978,ALLOC,,L1,384,476,0,1435
979,ALLOC,,L1,192,477,0,1436
980,ALLOC,,L1,384,478,0,1437
981,ALLOC,,L1,144,479,0,1438
982,COPY_IN,MTE2,,0,-1,1,1439
983,ALLOC,,L1,144,480,0,1440
984,COPY_IN,MTE2,,0,-1,1,1441
985,ALLOC,,L1,144,481,0,1442
986,COPY_IN,MTE2,,0,-1,1,1443
987,ALLOC,,L1,144,482,0,1444
988,COPY_IN,MTE2,,0,-1,1,1445
989,ALLOC,,L1,144,483,0,1446
990,COPY_IN,MTE2,,0,-1,1,1447
991,ALLOC,,L1,144,484,0,1448
992,COPY_IN,MTE2,,0,-1,1,1449
993,ALLOC,,L1,144,485,0,1450
994,COPY_IN,MTE2,,0,-1,1,1451
995,ALLOC,,L1,144,486,0,1452
996,COPY_IN,MTE2,,0,-1,1,1453
997,ALLOC,,L1,144,487,0,1454
998,COPY_IN,MTE2,,0,-1,1,1455
999,ALLOC,,L1,144,488,0,1456
1000,COPY_IN,MTE2,,0,-1,1,1457
1001,ALLOC,,L1,144,489,0,1458
1002,COPY_IN,MTE2,,0,-1,1,1459
1003,ALLOC,,L1,144,490,0,1460
1004,COPY_IN,MTE2,,0,-1,1,1461
1005,ALLOC,,L1,144,491,0,1462
1006,COPY_IN,MTE2,,0,-1,1,1463
1007,ALLOC,,L1,144,492,0,1464
1008,COPY_IN,MTE2,,0,-1,1,1465
1009,ALLOC,,L1,144,493,0,1466
1010,COPY_IN,MTE2,,0,-1,1,1467
1011,ALLOC,,L1,144,494,0,1468
1012,COPY_IN,MTE2,,0,-1,1,1469
1013,ALLOC,,L0B,72,495,0,1470
1014,MOVE,MTE1,,0,-1,2,1471
1015,CONV,CUBE,,0,-1,27,1473
1016,ALLOC,,L0B,72,496,0,1475
1017,MOVE,MTE1,,0,-1,2,1476
1018,CONV,CUBE,,0,-1,28,1478
1019,ALLOC,,L0B,72,497,0,1480
1020,MOVE,MTE1,,0,-1,2,1481
1021,CONV,CUBE,,0,-1,29,1483
1022,ALLOC,,L0B,72,498,0,1485
1023,MOVE,MTE1,,0,-1,2,1486
1024,CONV_ADD,CUBE,,0,-1,30,1488
1025,ALLOC,,L0B,72,499,0,1492
1026,MOVE,MTE1,,0,-1,2,1493
1027,CONV,CUBE,,0,-1,27,1495
1028,ALLOC,,L0B,72,500,0,1497
1029,MOVE,MTE1,,0,-1,2,1498
1030,CONV,CUBE,,0,-1,28,1500
1031,ALLOC,,L0B,72,501,0,1502
1032,MOVE,MTE1,,0,-1,2,1503
1033,CONV,CUBE,,0,-1,29,1505
1034,ALLOC,,L0B,72,502,0,1507
1035,MOVE,MTE1,,0,-1,2,1508
1036,CONV_ADD,CUBE,,0,-1,30,1510
1037,ALLOC,,L0B,72,503,0,1514
1038,MOVE,MTE1,,0,-1,2,1515
1039,CONV,CUBE,,0,-1,27,1517
1040,ALLOC,,L0B,72,504,0,1519
1041,MOVE,MTE1,,0,-1,2,1520
1042,CONV,CUBE,,0,-1,28,1522
1043,ALLOC,,L0B,72,505,0,1524
1044,MOVE,MTE1,,0,-1,2,1525
1045,CONV,CUBE,,0,-1,29,1527
1046,ALLOC,,L0B,72,506,0,1529
1047,MOVE,MTE1,,0,-1,2,1530
1048,CONV_ADD,CUBE,,0,-1,30,1532
1049,ALLOC,,L0B,72,507,0,1536
1050,MOVE,MTE1,,0,-1,2,1537
1051,CONV,CUBE,,0,-1,27,1539
1052,ALLOC,,L0B,72,508,0,1542
1053,MOVE,MTE1,,0,-1,2,1543
1054,CONV,CUBE,,0,-1,28,1545
1055,ALLOC,,L0B,72,509,0,1548
1056,MOVE,MTE1,,0,-1,2,1549
1057,CONV,CUBE,,0,-1,29,1551
1058,ALLOC,,L0B,72,510,0,1554
1059,MOVE,MTE1,,0,-1,2,1555
1060,CONV_ADD,CUBE,,0,-1,30,1557
1061,ALLOC,,L1,192,511,0,1562
1062,ALLOC,,L1,64,512,0,1563
1063,COPY_IN,MTE2,,0,-1,1,1564
1064,ALLOC,,L0B,32,513,0,1565
1065,MOVE,MTE1,,0,-1,2,1566
1066,CONV,CUBE,,0,-1,31,1568
1067,ALLOC,,L1,192,514,0,1570
1068,ALLOC,,L1,64,515,0,1571
1069,COPY_IN,MTE2,,0,-1,1,1572
1070,ALLOC,,L0B,32,516,0,1573
1071,MOVE,MTE1,,0,-1,2,1574
1072,CONV,CUBE,,0,-1,31,1576
1073,ALLOC,,L1,192,517,0,1578
1074,ALLOC,,L1,64,518,0,1579
1075,COPY_IN,MTE2,,0,-1,1,1580
1076,ALLOC,,L0B,32,519,0,1581
1077,MOVE,MTE1,,0,-1,2,1582
1078,CONV,CUBE,,0,-1,31,1584
1079,ALLOC,,L1,192,520,0,1586
1080,ALLOC,,L1,64,521,0,1587
1081,COPY_IN,MTE2,,0,-1,1,1588
1082,ALLOC,,L0B,32,522,0,1589
1083,MOVE,MTE1,,0,-1,2,1590
1084,CONV,CUBE,,0,-1,31,1592
1085,ALLOC,,L1,192,523,0,1594
1086,ALLOC,,L1,64,524,0,1595
1087,COPY_IN,MTE2,,0,-1,1,1596
1088,ALLOC,,L0B,32,525,0,1597
1089,MOVE,MTE1,,0,-1,2,1598
1090,CONV,CUBE,,0,-1,31,1600
1091,ALLOC,,L1,192,526,0,1602
1092,ALLOC,,L1,64,527,0,1603
1093,COPY_IN,MTE2,,0,-1,1,1604
1094,ALLOC,,L0B,32,528,0,1605
1095,MOVE,MTE1,,0,-1,2,1606
1096,CONV,CUBE,,0,-1,31,1608
1097,ALLOC,,L1,192,529,0,1610
1098,ALLOC,,L1,64,530,0,1611
1099,COPY_IN,MTE2,,0,-1,1,1612
1100,ALLOC,,L0B,32,531,0,1613
1101,MOVE,MTE1,,0,-1,2,1614
1102,CONV,CUBE,,0,-1,31,1616
1103,ALLOC,,L1,192,532,0,1618
1104,ALLOC,,L1,64,533,0,1619
1105,COPY_IN,MTE2,,0,-1,1,1620
1106,ALLOC,,L0B,32,534,0,1621
1107,MOVE,MTE1,,0,-1,2,1622
1108,CONV,CUBE,,0,-1,31,1624
1109,ALLOC,,L1,192,535,0,1626
1110,ALLOC,,L1,64,536,0,1627
1111,COPY_IN,MTE2,,0,-1,1,1628
1112,ALLOC,,L0B,32,537,0,1629
1113,MOVE,MTE1,,0,-1,2,1630
1114,CONV,CUBE,,0,-1,31,1632
1115,ALLOC,,L1,192,538,0,1634
1116,ALLOC,,L1,64,539,0,1635
1117,COPY_IN,MTE2,,0,-1,1,1636
1118,ALLOC,,L0B,32,540,0,1637
1119,MOVE,MTE1,,0,-1,2,1638
1120,CONV,CUBE,,0,-1,31,1640
1121,ALLOC,,L1,192,541,0,1642
1122,ALLOC,,L1,64,542,0,1643
1123,COPY_IN,MTE2,,0,-1,1,1644
1124,ALLOC,,L0B,32,543,0,1645
1125,MOVE,MTE1,,0,-1,2,1646
1126,CONV,CUBE,,0,-1,31,1648
1127,ALLOC,,L1,192,544,0,1650
1128,ALLOC,,L1,64,545,0,1651
1129,COPY_IN,MTE2,,0,-1,1,1652
1130,ALLOC,,L0B,32,546,0,1653
1131,MOVE,MTE1,,0,-1,2,1654
1132,CONV,CUBE,,0,-1,31,1656
1133,ALLOC,,L1,192,547,0,1658
1134,ALLOC,,L1,64,548,0,1659
1135,COPY_IN,MTE2,,0,-1,1,1660
1136,ALLOC,,L0B,32,549,0,1661
1137,MOVE,MTE1,,0,-1,2,1662
1138,CONV,CUBE,,0,-1,31,1664
1139,ALLOC,,L1,192,550,0,1667
1140,ALLOC,,L1,64,551,0,1668
1141,COPY_IN,MTE2,,0,-1,1,1669
1142,ALLOC,,L0B,32,552,0,1670
1143,MOVE,MTE1,,0,-1,2,1671
1144,CONV,CUBE,,0,-1,31,1673
1145,ALLOC,,L1,192,553,0,1676
1146,ALLOC,,L1,64,554,0,1677
1147,COPY_IN,MTE2,,0,-1,1,1678
1148,ALLOC,,L0B,32,555,0,1679
1149,MOVE,MTE1,,0,-1,2,1680
1150,CONV,CUBE,,0,-1,31,1682
1151,ALLOC,,L1,192,556,0,1685
1152,ALLOC,,L1,64,557,0,1686
1153,COPY_IN,MTE2,,0,-1,1,1687
1154,ALLOC,,L0B,32,558,0,1688
1155,MOVE,MTE1,,0,-1,2,1689
1156,CONV,CUBE,,0,-1,31,1691
1157,ALLOC,,L1,768,559,0,1694
1158,ALLOC,,L1,768,560,0,1695
1159,D2S,MTE1,,0,-1,32,1696
1160,ALLOC,,L1,768,561,0,1702
1161,ALLOC,,L1,768,562,0,1703
1162,D2S,MTE1,,0,-1,32,1704
1163,ALLOC,,L1,768,563,0,1710
1164,ALLOC,,L1,768,564,0,1711
1165,D2S,MTE1,,0,-1,32,1712
1166,ALLOC,,L1,768,565,0,1718
1167,ALLOC,,L1,768,566,0,1719
1168,D2S,MTE1,,0,-1,32,1720
1169,ALLOC,,L1,384,567,0,1726
1170,ALLOC,,L1,1536,568,0,1727
1171,ALLOC,,L1,384,569,0,1728
1172,ALLOC,,L1,1536,570,0,1729
1173,ALLOC,,L1,384,571,0,1730
1174,ALLOC,,L1,1536,572,0,1731
1175,ALLOC,,L1,384,573,0,1732
1176,ALLOC,,L1,1536,574,0,1733
1177,ALLOC,,L1,144,575,0,1734
1178,COPY_IN,MTE2,,0,-1,1,1735
1179,ALLOC,,L1,144,576,0,1736
1180,COPY_IN,MTE2,,0,-1,1,1737
1181,ALLOC,,L1,144,577,0,1738
1182,COPY_IN,MTE2,,0,-1,1,1739
1183,ALLOC,,L1,144,578,0,1740
1184,COPY_IN,MTE2,,0,-1,1,1741
1185,ALLOC,,L1,144,579,0,1742
1186,COPY_IN,MTE2,,0,-1,1,1743
1187,ALLOC,,L1,144,580,0,1744
1188,COPY_IN,MTE2,,0,-1,1,1745
1189,ALLOC,,L1,144,581,0,1746
1190,COPY_IN,MTE2,,0,-1,1,1747
1191,ALLOC,,L1,144,582,0,1748
1192,COPY_IN,MTE2,,0,-1,1,1749
1193,ALLOC,,L0B,72,583,0,1750
1194,MOVE,MTE1,,0,-1,2,1751
1195,CONV,CUBE,,0,-1,10,1753
1196,ALLOC,,L0B,72,584,0,1755
1197,MOVE,MTE1,,0,-1,2,1756
1198,CONV_ADD,CUBE,,0,-1,33,1758
1199,ALLOC,,L0B,72,585,0,1762
1200,MOVE,MTE1,,0,-1,2,1763
1201,CONV,CUBE,,0,-1,10,1765
1202,ALLOC,,L0B,72,586,0,1767
1203,MOVE,MTE1,,0,-1,2,1768
1204,CONV_ADD,CUBE,,0,-1,33,1770
1205,ALLOC,,L0B,72,587,0,1774
1206,MOVE,MTE1,,0,-1,2,1775
1207,CONV,CUBE,,0,-1,10,1777
1208,ALLOC,,L0B,72,588,0,1779
1209,MOVE,MTE1,,0,-1,2,1780
1210,CONV_ADD,CUBE,,0,-1,33,1782
1211,ALLOC,,L0B,72,589,0,1786
1212,MOVE,MTE1,,0,-1,2,1787
1213,CONV,CUBE,,0,-1,10,1789
1214,ALLOC,,L0B,72,590,0,1792
1215,MOVE,MTE1,,0,-1,2,1793
1216,CONV_ADD,CUBE,,0,-1,33,1795
1217,ALLOC,,L1,384,591,0,1800
1218,ALLOC,,L1,1536,592,0,1801
1219,ALLOC,,L1,384,593,0,1802
1220,ALLOC,,L1,1536,594,0,1803
1221,ALLOC,,L1,384,595,0,1804
1222,ALLOC,,L1,1536,596,0,1805
1223,ALLOC,,L1,384,597,0,1806
1224,ALLOC,,L1,1536,598,0,1807
1225,ALLOC,,L1,144,599,0,1808
1226,COPY_IN,MTE2,,0,-1,1,1809
1227,ALLOC,,L1,144,600,0,1810
1228,COPY_IN,MTE2,,0,-1,1,1811
1229,ALLOC,,L1,144,601,0,1812
1230,COPY_IN,MTE2,,0,-1,1,1813
1231,ALLOC,,L1,144,602,0,1814
1232,COPY_IN,MTE2,,0,-1,1,1815
1233,ALLOC,,L1,144,603,0,1816
1234,COPY_IN,MTE2,,0,-1,1,1817
1235,ALLOC,,L1,144,604,0,1818
1236,COPY_IN,MTE2,,0,-1,1,1819
1237,ALLOC,,L1,144,605,0,1820
1238,COPY_IN,MTE2,,0,-1,1,1821
1239,ALLOC,,L1,144,606,0,1822
1240,COPY_IN,MTE2,,0,-1,1,1823
1241,ALLOC,,L1,144,607,0,1824
1242,COPY_IN,MTE2,,0,-1,1,1825
1243,ALLOC,,L1,144,608,0,1826
1244,COPY_IN,MTE2,,0,-1,1,1827
1245,ALLOC,,L1,144,609,0,1828
1246,COPY_IN,MTE2,,0,-1,1,1829
1247,ALLOC,,L1,144,610,0,1830
1248,COPY_IN,MTE2,,0,-1,1,1831
1249,ALLOC,,L1,144,611,0,1832
1250,COPY_IN,MTE2,,0,-1,1,1833
1251,ALLOC,,L1,144,612,0,1834
1252,COPY_IN,MTE2,,0,-1,1,1835
1253,ALLOC,,L1,144,613,0,1836
1254,COPY_IN,MTE2,,0,-1,1,1837
1255,ALLOC,,L1,144,614,0,1838
1256,COPY_IN,MTE2,,0,-1,1,1839
1257,ALLOC,,L0B,72,615,0,1840
1258,MOVE,MTE1,,0,-1,2,1841
1259,CONV,CUBE,,0,-1,34,1843
1260,ALLOC,,L0B,72,616,0,1845
1261,MOVE,MTE1,,0,-1,2,1846
1262,CONV,CUBE,,0,-1,35,1848
1263,ALLOC,,L0B,72,617,0,1850
1264,MOVE,MTE1,,0,-1,2,1851
1265,CONV,CUBE,,0,-1,36,1853
1266,ALLOC,,L0B,72,618,0,1855
1267,MOVE,MTE1,,0,-1,2,1856
1268,CONV,CUBE,,0,-1,37,1858
1269,ALLOC,,L0B,72,619,0,1861
1270,MOVE,MTE1,,0,-1,2,1862
1271,CONV,CUBE,,0,-1,34,1864
1272,ALLOC,,L0B,72,620,0,1866
1273,MOVE,MTE1,,0,-1,2,1867
1274,CONV,CUBE,,0,-1,35,1869
1275,ALLOC,,L0B,72,621,0,1871
1276,MOVE,MTE1,,0,-1,2,1872
1277,CONV,CUBE,,0,-1,36,1874
1278,ALLOC,,L0B,72,622,0,1876
1279,MOVE,MTE1,,0,-1,2,1877
1280,CONV,CUBE,,0,-1,37,1879
1281,ALLOC,,L0B,72,623,0,1882
1282,MOVE,MTE1,,0,-1,2,1883
1283,CONV,CUBE,,0,-1,34,1885
1284,ALLOC,,L0B,72,624,0,1887
1285,MOVE,MTE1,,0,-1,2,1888
1286,CONV,CUBE,,0,-1,35,1890
1287,ALLOC,,L0B,72,625,0,1892
1288,MOVE,MTE1,,0,-1,2,1893
1289,CONV,CUBE,,0,-1,36,1895
1290,ALLOC,,L0B,72,626,0,1897
1291,MOVE,MTE1,,0,-1,2,1898
1292,CONV,CUBE,,0,-1,37,1900
1293,ALLOC,,L0B,72,627,0,1903
1294,MOVE,MTE1,,0,-1,2,1904
1295,CONV,CUBE,,0,-1,34,1906
1296,ALLOC,,L0B,72,628,0,1909
1297,MOVE,MTE1,,0,-1,2,1910
1298,CONV,CUBE,,0,-1,35,1912
1299,ALLOC,,L0B,72,629,0,1915
1300,MOVE,MTE1,,0,-1,2,1916
1301,CONV,CUBE,,0,-1,36,1918
1302,ALLOC,,L0B,72,630,0,1921
1303,MOVE,MTE1,,0,-1,2,1922
1304,CONV,CUBE,,0,-1,37,1924
1305,ALLOC,,L1,384,631,0,1928
1306,ALLOC,,L1,1536,632,0,1929
1307,ALLOC,,L1,384,633,0,1930
1308,ALLOC,,L1,1536,634,0,1931
1309,ALLOC,,L1,384,635,0,1932
1310,ALLOC,,L1,1536,636,0,1933
1311,ALLOC,,L1,384,637,0,1934
1312,ALLOC,,L1,1536,638,0,1935
1313,ALLOC,,L1,144,639,0,1936
1314,COPY_IN,MTE2,,0,-1,1,1937
1315,ALLOC,,L1,144,640,0,1938
1316,COPY_IN,MTE2,,0,-1,1,1939
1317,ALLOC,,L1,144,641,0,1940
1318,COPY_IN,MTE2,,0,-1,1,1941
1319,ALLOC,,L1,144,642,0,1942
1320,COPY_IN,MTE2,,0,-1,1,1943
1321,ALLOC,,L1,144,643,0,1944
1322,COPY_IN,MTE2,,0,-1,1,1945
1323,ALLOC,,L1,144,644,0,1946
1324,COPY_IN,MTE2,,0,-1,1,1947
1325,ALLOC,,L1,144,645,0,1948
1326,COPY_IN,MTE2,,0,-1,1,1949
1327,ALLOC,,L1,144,646,0,1950
1328,COPY_IN,MTE2,,0,-1,1,1951
1329,ALLOC,,L1,144,647,0,1952
1330,COPY_IN,MTE2,,0,-1,1,1953
1331,ALLOC,,L1,144,648,0,1954
1332,COPY_IN,MTE2,,0,-1,1,1955
1333,ALLOC,,L1,144,649,0,1956
1334,COPY_IN,MTE2,,0,-1,1,1957
1335,ALLOC,,L1,144,650,0,1958
1336,COPY_IN,MTE2,,0,-1,1,1959
1337,ALLOC,,L1,144,651,0,1960
1338,COPY_IN,MTE2,,0,-1,1,1961
1339,ALLOC,,L1,144,652,0,1962
1340,COPY_IN,MTE2,,0,-1,1,1963
1341,ALLOC,,L1,144,653,0,1964
1342,COPY_IN,MTE2,,0,-1,1,1965
1343,ALLOC,,L1,144,654,0,1966
1344,COPY_IN,MTE2,,0,-1,1,1967
1345,ALLOC,,L0B,72,655,0,1968
1346,MOVE,MTE1,,0,-1,2,1969
1347,CONV,CUBE,,0,-1,38,1971
1348,ALLOC,,L0B,72,656,0,1973
1349,MOVE,MTE1,,0,-1,2,1974
1350,CONV,CUBE,,0,-1,39,1976
1351,ALLOC,,L0B,72,657,0,1978
1352,MOVE,MTE1,,0,-1,2,1979
1353,CONV,CUBE,,0,-1,40,1981
1354,ALLOC,,L0B,72,658,0,1983
1355,MOVE,MTE1,,0,-1,2,1984
1356,CONV_ADD,CUBE,,0,-1,41,1986
1357,ALLOC,,L0B,72,659,0,1990
1358,MOVE,MTE1,,0,-1,2,1991
1359,CONV,CUBE,,0,-1,38,1993
1360,ALLOC,,L0B,72,660,0,1995
1361,MOVE,MTE1,,0,-1,2,1996
1362,CONV,CUBE,,0,-1,39,1998
1363,ALLOC,,L0B,72,661,0,2000
1364,MOVE,MTE1,,0,-1,2,2001
1365,CONV,CUBE,,0,-1,40,2003
1366,ALLOC,,L0B,72,662,0,2005
1367,MOVE,MTE1,,0,-1,2,2006
1368,CONV_ADD,CUBE,,0,-1,41,2008
1369,ALLOC,,L0B,72,663,0,2012
1370,MOVE,MTE1,,0,-1,2,2013
1371,CONV,CUBE,,0,-1,38,2015
1372,ALLOC,,L0B,72,664,0,2017
1373,MOVE,MTE1,,0,-1,2,2018
1374,CONV,CUBE,,0,-1,39,2020
1375,ALLOC,,L0B,72,665,0,2022
1376,MOVE,MTE1,,0,-1,2,2023
1377,CONV,CUBE,,0,-1,40,2025
1378,ALLOC,,L0B,72,666,0,2027
1379,MOVE,MTE1,,0,-1,2,2028
1380,CONV_ADD,CUBE,,0,-1,41,2030
1381,ALLOC,,L0B,72,667,0,2034
1382,MOVE,MTE1,,0,-1,2,2035
1383,CONV,CUBE,,0,-1,38,2037
1384,ALLOC,,L0B,72,668,0,2040
1385,MOVE,MTE1,,0,-1,2,2041
1386,CONV,CUBE,,0,-1,39,2043
1387,ALLOC,,L0B,72,669,0,2046
1388,MOVE,MTE1,,0,-1,2,2047
1389,CONV,CUBE,,0,-1,40,2049
1390,ALLOC,,L0B,72,670,0,2052
1391,MOVE,MTE1,,0,-1,2,2053
1392,CONV_ADD,CUBE,,0,-1,41,2055
1393,ALLOC,,L1,768,671,0,2060
1394,ALLOC,,L1,1536,672,0,2061
1395,ALLOC,,L1,768,673,0,2062
1396,ALLOC,,L1,1536,674,0,2063
1397,ALLOC,,L1,768,675,0,2064
1398,ALLOC,,L1,1536,676,0,2065
1399,ALLOC,,L1,768,677,0,2066
1400,ALLOC,,L1,1536,678,0,2067
1401,ALLOC,,L1,144,679,0,2068
1402,COPY_IN,MTE2,,0,-1,1,2069
1403,ALLOC,,L1,144,680,0,2070
1404,COPY_IN,MTE2,,0,-1,1,2071
1405,ALLOC,,L1,144,681,0,2072
1406,COPY_IN,MTE2,,0,-1,1,2073
1407,ALLOC,,L1,144,682,0,2074
1408,COPY_IN,MTE2,,0,-1,1,2075
1409,ALLOC,,L1,144,683,0,2076
1410,COPY_IN,MTE2,,0,-1,1,2077
1411,ALLOC,,L1,144,684,0,2078
1412,COPY_IN,MTE2,,0,-1,1,2079
1413,ALLOC,,L1,144,685,0,2080
1414,COPY_IN,MTE2,,0,-1,1,2081
1415,ALLOC,,L1,144,686,0,2082
1416,COPY_IN,MTE2,,0,-1,1,2083
1417,ALLOC,,L1,144,687,0,2084
1418,COPY_IN,MTE2,,0,-1,1,2085
1419,ALLOC,,L1,144,688,0,2086
1420,COPY_IN,MTE2,,0,-1,1,2087
1421,ALLOC,,L1,144,689,0,2088
1422,COPY_IN,MTE2,,0,-1,1,2089
1423,ALLOC,,L1,144,690,0,2090
1424,COPY_IN,MTE2,,0,-1,1,2091
1425,ALLOC,,L1,144,691,0,2092
1426,COPY_IN,MTE2,,0,-1,1,2093
1427,ALLOC,,L1,144,692,0,2094
1428,COPY_IN,MTE2,,0,-1,1,2095
1429,ALLOC,,L1,144,693,0,2096
1430,COPY_IN,MTE2,,0,-1,1,2097
1431,ALLOC,,L1,144,694,0,2098
1432,COPY_IN,MTE2,,0,-1,1,2099
1433,ALLOC,,L0B,72,695,0,2100
1434,MOVE,MTE1,,0,-1,2,2101
1435,CONV,CUBE,,0,-1,42,2103
1436,ALLOC,,L0B,72,696,0,2105
1437,MOVE,MTE1,,0,-1,2,2106
1438,CONV,CUBE,,0,-1,43,2108
1439,ALLOC,,L0B,72,697,0,2110
1440,MOVE,MTE1,,0,-1,2,2111
1441,CONV,CUBE,,0,-1,44,2113
1442,ALLOC,,L0B,72,698,0,2115
1443,MOVE,MTE1,,0,-1,2,2116
1444,CONV,CUBE,,0,-1,45,2118
1445,ALLOC,,L0B,72,699,0,2121
1446,MOVE,MTE1,,0,-1,2,2122
1447,CONV,CUBE,,0,-1,42,2124
1448,ALLOC,,L0B,72,700,0,2126
1449,MOVE,MTE1,,0,-1,2,2127
1450,CONV,CUBE,,0,-1,43,2129
1451,ALLOC,,L0B,72,701,0,2131
1452,MOVE,MTE1,,0,-1,2,2132
1453,CONV,CUBE,,0,-1,44,2134
1454,ALLOC,,L0B,72,702,0,2136
1455,MOVE,MTE1,,0,-1,2,2137
1456,CONV,CUBE,,0,-1,45,2139
1457,ALLOC,,L0B,72,703,0,2142
1458,MOVE,MTE1,,0,-1,2,2143
1459,CONV,CUBE,,0,-1,42,2145
1460,ALLOC,,L0B,72,704,0,2147
1461,MOVE,MTE1,,0,-1,2,2148
1462,CONV,CUBE,,0,-1,43,2150
1463,ALLOC,,L0B,72,705,0,2152
1464,MOVE,MTE1,,0,-1,2,2153
1465,CONV,CUBE,,0,-1,44,2155
1466,ALLOC,,L0B,72,706,0,2157
1467,MOVE,MTE1,,0,-1,2,2158
1468,CONV,CUBE,,0,-1,45,2160
1469,ALLOC,,L0B,72,707,0,2163
1470,MOVE,MTE1,,0,-1,2,2164
1471,CONV,CUBE,,0,-1,42,2166
1472,ALLOC,,L0B,72,708,0,2169
1473,MOVE,MTE1,,0,-1,2,2170
1474,CONV,CUBE,,0,-1,43,2172
1475,ALLOC,,L0B,72,709,0,2175
1476,MOVE,MTE1,,0,-1,2,2176
1477,CONV,CUBE,,0,-1,44,2178
1478,ALLOC,,L0B,72,710,0,2181
1479,MOVE,MTE1,,0,-1,2,2182
1480,CONV,CUBE,,0,-1,45,2184
1481,ALLOC,,L1,768,711,0,2188
1482,ALLOC,,L1,1536,712,0,2189
1483,ALLOC,,L1,768,713,0,2190
1484,ALLOC,,L1,1536,714,0,2191
1485,ALLOC,,L1,768,715,0,2192
1486,ALLOC,,L1,1536,716,0,2193
1487,ALLOC,,L1,768,717,0,2194
1488,ALLOC,,L1,1536,718,0,2195
1489,ALLOC,,L1,144,719,0,2196
1490,COPY_IN,MTE2,,0,-1,1,2197
1491,ALLOC,,L1,144,720,0,2198
1492,COPY_IN,MTE2,,0,-1,1,2199
1493,ALLOC,,L1,144,721,0,2200
1494,COPY_IN,MTE2,,0,-1,1,2201
1495,ALLOC,,L1,144,722,0,2202
1496,COPY_IN,MTE2,,0,-1,1,2203
1497,ALLOC,,L1,144,723,0,2204
1498,COPY_IN,MTE2,,0,-1,1,2205
1499,ALLOC,,L1,144,724,0,2206
1500,COPY_IN,MTE2,,0,-1,1,2207
1501,ALLOC,,L1,144,725,0,2208
1502,COPY_IN,MTE2,,0,-1,1,2209
1503,ALLOC,,L1,144,726,0,2210
1504,COPY_IN,MTE2,,0,-1,1,2211
1505,ALLOC,,L1,144,727,0,2212
1506,COPY_IN,MTE2,,0,-1,1,2213
1507,ALLOC,,L1,144,728,0,2214
1508,COPY_IN,MTE2,,0,-1,1,2215
1509,ALLOC,,L1,144,729,0,2216
1510,COPY_IN,MTE2,,0,-1,1,2217
1511,ALLOC,,L1,144,730,0,2218
1512,COPY_IN,MTE2,,0,-1,1,2219
1513,ALLOC,,L1,144,731,0,2220
1514,COPY_IN,MTE2,,0,-1,1,2221
1515,ALLOC,,L1,144,732,0,2222
1516,COPY_IN,MTE2,,0,-1,1,2223
1517,ALLOC,,L1,144,733,0,2224
1518,COPY_IN,MTE2,,0,-1,1,2225
1519,ALLOC,,L1,144,734,0,2226
1520,COPY_IN,MTE2,,0,-1,1,2227
1521,ALLOC,,L0B,72,735,0,2228
1522,MOVE,MTE1,,0,-1,2,2229
1523,CONV,CUBE,,0,-1,46,2231
1524,ALLOC,,L0B,72,736,0,2233
1525,MOVE,MTE1,,0,-1,2,2234
1526,CONV,CUBE,,0,-1,47,2236
1527,ALLOC,,L0B,72,737,0,2238
1528,MOVE,MTE1,,0,-1,2,2239
1529,CONV,CUBE,,0,-1,48,2241
1530,ALLOC,,L0B,72,738,0,2243
1531,MOVE,MTE1,,0,-1,2,2244
1532,CONV,CUBE,,0,-1,49,2246
1533,ALLOC,,L0B,72,739,0,2249
1534,MOVE,MTE1,,0,-1,2,2250
1535,CONV,CUBE,,0,-1,46,2252
1536,ALLOC,,L0B,72,740,0,2254
1537,MOVE,MTE1,,0,-1,2,2255
1538,CONV,CUBE,,0,-1,47,2257
1539,ALLOC,,L0B,72,741,0,2259
1540,MOVE,MTE1,,0,-1,2,2260
1541,CONV,CUBE,,0,-1,48,2262
1542,ALLOC,,L0B,72,742,0,2264
1543,MOVE,MTE1,,0,-1,2,2265
1544,CONV,CUBE,,0,-1,49,2267
1545,ALLOC,,L0B,72,743,0,2270
1546,MOVE,MTE1,,0,-1,2,2271
1547,CONV,CUBE,,0,-1,46,2273
1548,ALLOC,,L0B,72,744,0,2275
1549,MOVE,MTE1,,0,-1,2,2276
1550,CONV,CUBE,,0,-1,47,2278
1551,ALLOC,,L0B,72,745,0,2280
1552,MOVE,MTE1,,0,-1,2,2281
1553,CONV,CUBE,,0,-1,48,2283
1554,ALLOC,,L0B,72,746,0,2285
1555,MOVE,MTE1,,0,-1,2,2286
1556,CONV,CUBE,,0,-1,49,2288
1557,ALLOC,,L0B,72,747,0,2291
1558,MOVE,MTE1,,0,-1,2,2292
1559,CONV,CUBE,,0,-1,46,2294
1560,ALLOC,,L0B,72,748,0,2297
1561,MOVE,MTE1,,0,-1,2,2298
1562,CONV,CUBE,,0,-1,47,2300
1563,ALLOC,,L0B,72,749,0,2303
1564,MOVE,MTE1,,0,-1,2,2304
1565,CONV,CUBE,,0,-1,48,2306
1566,ALLOC,,L0B,72,750,0,2309
1567,MOVE,MTE1,,0,-1,2,2310
1568,CONV,CUBE,,0,-1,49,2312
1569,ALLOC,,L1,768,751,0,2316
1570,ALLOC,,L1,1536,752,0,2317
1571,ALLOC,,L1,768,753,0,2318
1572,ALLOC,,L1,1536,754,0,2319
1573,ALLOC,,L1,768,755,0,2320
1574,ALLOC,,L1,1536,756,0,2321
1575,ALLOC,,L1,768,757,0,2322
1576,ALLOC,,L1,1536,758,0,2323
1577,ALLOC,,L1,144,759,0,2324
1578,COPY_IN,MTE2,,0,-1,1,2325
1579,ALLOC,,L1,144,760,0,2326
1580,COPY_IN,MTE2,,0,-1,1,2327
1581,ALLOC,,L1,144,761,0,2328
1582,COPY_IN,MTE2,,0,-1,1,2329
1583,ALLOC,,L1,144,762,0,2330
1584,COPY_IN,MTE2,,0,-1,1,2331
1585,ALLOC,,L1,144,763,0,2332
1586,COPY_IN,MTE2,,0,-1,1,2333
1587,ALLOC,,L1,144,764,0,2334
1588,COPY_IN,MTE2,,0,-1,1,2335
1589,ALLOC,,L1,144,765,0,2336
1590,COPY_IN,MTE2,,0,-1,1,2337
1591,ALLOC,,L1,144,766,0,2338
1592,COPY_IN,MTE2,,0,-1,1,2339
1593,ALLOC,,L1,144,767,0,2340
1594,COPY_IN,MTE2,,0,-1,1,2341
1595,ALLOC,,L1,144,768,0,2342
1596,COPY_IN,MTE2,,0,-1,1,2343
1597,ALLOC,,L1,144,769,0,2344
1598,COPY_IN,MTE2,,0,-1,1,2345
1599,ALLOC,,L1,144,770,0,2346
1600,COPY_IN,MTE2,,0,-1,1,2347
1601,ALLOC,,L1,144,771,0,2348
1602,COPY_IN,MTE2,,0,-1,1,2349
1603,ALLOC,,L1,144,772,0,2350
1604,COPY_IN,MTE2,,0,-1,1,2351
1605,ALLOC,,L1,144,773,0,2352
1606,COPY_IN,MTE2,,0,-1,1,2353
1607,ALLOC,,L1,144,774,0,2354
1608,COPY_IN,MTE2,,0,-1,1,2355
1609,ALLOC,,L0B,72,775,0,2356
1610,MOVE,MTE1,,0,-1,2,2357
1611,CONV,CUBE,,0,-1,50,2359
1612,ALLOC,,L0B,72,776,0,2361
1613,MOVE,MTE1,,0,-1,2,2362
1614,CONV,CUBE,,0,-1,51,2364
1615,ALLOC,,L0B,72,777,0,2366
1616,MOVE,MTE1,,0,-1,2,2367
1617,CONV,CUBE,,0,-1,52,2369
1618,ALLOC,,L0B,72,778,0,2371
1619,MOVE,MTE1,,0,-1,2,2372
1620,CONV,CUBE,,0,-1,53,2374
1621,ALLOC,,L0B,72,779,0,2377
1622,MOVE,MTE1,,0,-1,2,2378
1623,CONV,CUBE,,0,-1,50,2380
1624,ALLOC,,L0B,72,780,0,2382
1625,MOVE,MTE1,,0,-1,2,2383
1626,CONV,CUBE,,0,-1,51,2385
1627,ALLOC,,L0B,72,781,0,2387
1628,MOVE,MTE1,,0,-1,2,2388
1629,CONV,CUBE,,0,-1,52,2390
1630,ALLOC,,L0B,72,782,0,2392
1631,MOVE,MTE1,,0,-1,2,2393
1632,CONV,CUBE,,0,-1,53,2395
1633,ALLOC,,L0B,72,783,0,2398
1634,MOVE,MTE1,,0,-1,2,2399
1635,CONV,CUBE,,0,-1,50,2401
1636,ALLOC,,L0B,72,784,0,2403
1637,MOVE,MTE1,,0,-1,2,2404
1638,CONV,CUBE,,0,-1,51,2406
1639,ALLOC,,L0B,72,785,0,2408
1640,MOVE,MTE1,,0,-1,2,2409
1641,CONV,CUBE,,0,-1,52,2411
1642,ALLOC,,L0B,72,786,0,2413
1643,MOVE,MTE1,,0,-1,2,2414
1644,CONV,CUBE,,0,-1,53,2416
1645,ALLOC,,L0B,72,787,0,2419
1646,MOVE,MTE1,,0,-1,2,2420
1647,CONV,CUBE,,0,-1,50,2422
1648,ALLOC,,L0B,72,788,0,2425
1649,MOVE,MTE1,,0,-1,2,2426
1650,CONV,CUBE,,0,-1,51,2428
1651,ALLOC,,L0B,72,789,0,2431
1652,MOVE,MTE1,,0,-1,2,2432
1653,CONV,CUBE,,0,-1,52,2434
1654,ALLOC,,L0B,72,790,0,2437
1655,MOVE,MTE1,,0,-1,2,2438
1656,CONV,CUBE,,0,-1,53,2440
1657,ALLOC,,L1,768,791,0,2444
1658,ALLOC,,L1,1536,792,0,2445
1659,ALLOC,,L1,768,793,0,2446
1660,ALLOC,,L1,1536,794,0,2447
1661,ALLOC,,L1,768,795,0,2448
1662,ALLOC,,L1,1536,796,0,2449
1663,ALLOC,,L1,768,797,0,2450
1664,ALLOC,,L1,1536,798,0,2451
1665,ALLOC,,L1,144,799,0,2452
1666,COPY_IN,MTE2,,0,-1,1,2453
1667,ALLOC,,L1,144,800,0,2454
1668,COPY_IN,MTE2,,0,-1,1,2455
1669,ALLOC,,L1,144,801,0,2456
1670,COPY_IN,MTE2,,0,-1,1,2457
1671,ALLOC,,L1,144,802,0,2458
1672,COPY_IN,MTE2,,0,-1,1,2459
1673,ALLOC,,L1,144,803,0,2460
1674,COPY_IN,MTE2,,0,-1,1,2461
1675,ALLOC,,L1,144,804,0,2462
1676,COPY_IN,MTE2,,0,-1,1,2463
1677,ALLOC,,L1,144,805,0,2464
1678,COPY_IN,MTE2,,0,-1,1,2465
1679,ALLOC,,L1,144,806,0,2466
1680,COPY_IN,MTE2,,0,-1,1,2467
1681,ALLOC,,L1,144,807,0,2468
1682,COPY_IN,MTE2,,0,-1,1,2469
1683,ALLOC,,L1,144,808,0,2470
1684,COPY_IN,MTE2,,0,-1,1,2471
1685,ALLOC,,L1,144,809,0,2472
1686,COPY_IN,MTE2,,0,-1,1,2473
1687,ALLOC,,L1,144,810,0,2474
1688,COPY_IN,MTE2,,0,-1,1,2475
1689,ALLOC,,L1,144,811,0,2476
1690,COPY_IN,MTE2,,0,-1,1,2477
1691,ALLOC,,L1,144,812,0,2478
1692,COPY_IN,MTE2,,0,-1,1,2479
1693,ALLOC,,L1,144,813,0,2480
1694,COPY_IN,MTE2,,0,-1,1,2481
1695,ALLOC,,L1,144,814,0,2482
1696,COPY_IN,MTE2,,0,-1,1,2483
1697,ALLOC,,L0B,72,815,0,2484
1698,MOVE,MTE1,,0,-1,2,2485
1699,CONV,CUBE,,0,-1,54,2487
1700,ALLOC,,L0B,72,816,0,2489
1701,MOVE,MTE1,,0,-1,2,2490
1702,CONV,CUBE,,0,-1,55,2492
1703,ALLOC,,L0B,72,817,0,2494
1704,MOVE,MTE1,,0,-1,2,2495
1705,CONV,CUBE,,0,-1,56,2497
1706,ALLOC,,L0B,72,818,0,2499
1707,MOVE,MTE1,,0,-1,2,2500
1708,CONV,CUBE,,0,-1,57,2502
1709,ALLOC,,L0B,72,819,0,2507
1710,MOVE,MTE1,,0,-1,2,2508
1711,CONV,CUBE,,0,-1,54,2510
1712,ALLOC,,L0B,72,820,0,2512
1713,MOVE,MTE1,,0,-1,2,2513
1714,CONV,CUBE,,0,-1,55,2515
1715,ALLOC,,L0B,72,821,0,2517
1716,MOVE,MTE1,,0,-1,2,2518
1717,CONV,CUBE,,0,-1,56,2520
1718,ALLOC,,L0B,72,822,0,2522
1719,MOVE,MTE1,,0,-1,2,2523
1720,CONV,CUBE,,0,-1,57,2525
1721,ALLOC,,L0B,72,823,0,2530
1722,MOVE,MTE1,,0,-1,2,2531
1723,CONV,CUBE,,0,-1,54,2533
1724,ALLOC,,L0B,72,824,0,2535
1725,MOVE,MTE1,,0,-1,2,2536
1726,CONV,CUBE,,0,-1,55,2538
1727,ALLOC,,L0B,72,825,0,2540
1728,MOVE,MTE1,,0,-1,2,2541
1729,CONV,CUBE,,0,-1,56,2543
1730,ALLOC,,L0B,72,826,0,2545
1731,MOVE,MTE1,,0,-1,2,2546
1732,CONV,CUBE,,0,-1,57,2548
1733,ALLOC,,L0B,72,827,0,2553
1734,MOVE,MTE1,,0,-1,2,2554
1735,CONV,CUBE,,0,-1,54,2556
1736,ALLOC,,L0B,72,828,0,2559
1737,MOVE,MTE1,,0,-1,2,2560
1738,CONV,CUBE,,0,-1,55,2562
1739,ALLOC,,L0B,72,829,0,2565
1740,MOVE,MTE1,,0,-1,2,2566
1741,CONV,CUBE,,0,-1,56,2568
1742,ALLOC,,L0B,72,830,0,2571
1743,MOVE,MTE1,,0,-1,2,2572
1744,CONV,CUBE,,0,-1,57,2574
1745,COPY_OUT,MTE3,,0,-1,58,2505
1746,COPY_OUT,MTE3,,0,-1,58,2528
1747,COPY_OUT,MTE3,,0,-1,58,2551
1748,COPY_OUT,MTE3,,0,-1,58,2578
1749,FREE,,L1,1,0,5,46
1750,FREE,,L1,1,1,6,52
1751,FREE,,L1,1,2,4,17
1752,FREE,,L1,16,3,3,10
1753,FREE,,L1,16,4,3,15
1754,FREE,,L0B,8,5,4,12
1755,FREE,,L0B,8,6,4,18
1756,FREE,,L1,1,7,7,82
1757,FREE,,L1,2,8,6,40
1758,FREE,,L1,1,9,8,88
1759,FREE,,L1,2,10,6,53
1760,FREE,,L1,16,11,3,33
1761,FREE,,L1,16,12,3,38
1762,FREE,,L1,16,13,3,44
1763,FREE,,L1,16,14,3,50
1764,FREE,,L0B,8,15,5,35
1765,FREE,,L0B,8,16,6,41
1766,FREE,,L0B,8,17,5,47
1767,FREE,,L0B,8,18,6,54
1768,FREE,,L1,1,19,14,294
1769,FREE,,L1,2,20,8,76
1770,FREE,,L1,1,21,14,307
1771,FREE,,L1,2,22,8,89
1772,FREE,,L1,16,23,3,69
1773,FREE,,L1,16,24,3,74
1774,FREE,,L1,16,25,3,80
1775,FREE,,L1,16,26,3,86
1776,FREE,,L0B,8,27,7,71
1777,FREE,,L0B,8,28,8,77
1778,FREE,,L0B,8,29,7,83
1779,FREE,,L0B,8,30,8,90
1780,FREE,,L1,384,31,5,157
1781,FREE,,L1,384,32,6,163
1782,FREE,,L1,768,33,4,126
1783,FREE,,L1,768,34,4,127
1784,FREE,,L1,144,35,3,103
1785,FREE,,L1,144,36,3,108
1786,FREE,,L0B,72,37,4,105
1787,FREE,,L0B,72,38,4,110
1788,FREE,,L1,768,39,6,150
1789,FREE,,L1,768,40,6,164
1790,FREE,,L1,16,41,3,119
1791,FREE,,L1,16,42,3,124
1792,FREE,,L0B,8,43,4,121
1793,FREE,,L0B,8,44,4,128
1794,FREE,,L1,384,45,10,222
1795,FREE,,L1,1536,46,6,151
1796,FREE,,L1,384,47,10,235
1797,FREE,,L1,1536,48,6,165
1798,FREE,,L1,144,49,3,143
1799,FREE,,L1,144,50,3,148
1800,FREE,,L1,144,51,3,155
1801,FREE,,L1,144,52,3,161
1802,FREE,,L0B,72,53,5,145
1803,FREE,,L0B,72,54,6,152
1804,FREE,,L0B,72,55,5,158
1805,FREE,,L0B,72,56,6,166
1806,FREE,,L1,384,57,9,229
1807,FREE,,L1,1536,58,8,188
1808,FREE,,L1,384,59,10,236
1809,FREE,,L1,1536,60,8,199
1810,FREE,,L1,144,61,3,181
1811,FREE,,L1,144,62,3,186
1812,FREE,,L1,144,63,3,192
1813,FREE,,L1,144,64,3,197
1814,FREE,,L0B,72,65,7,183
1815,FREE,,L0B,72,66,8,189
1816,FREE,,L0B,72,67,7,194
1817,FREE,,L0B,72,68,8,200
1818,FREE,,L1,384,69,11,1790
1819,FREE,,L1,1536,70,10,223
1820,FREE,,L1,384,71,34,1796
1821,FREE,,L1,1536,72,10,237
1822,FREE,,L1,144,73,3,215
1823,FREE,,L1,144,74,3,220
1824,FREE,,L1,144,75,3,227
1825,FREE,,L1,144,76,3,233
1826,FREE,,L0B,72,77,9,217
1827,FREE,,L0B,72,78,10,224
1828,FREE,,L0B,72,79,9,230
1829,FREE,,L0B,72,80,10,238
1830,FREE,,L1,96,81,13,301
1831,FREE,,L1,384,82,12,260
1832,FREE,,L1,96,83,14,308
1833,FREE,,L1,384,84,12,271
1834,FREE,,L1,144,85,3,253
1835,FREE,,L1,144,86,3,258
1836,FREE,,L1,144,87,3,264
1837,FREE,,L1,144,88,3,269
1838,FREE,,L0B,72,89,11,255
1839,FREE,,L0B,72,90,12,261
1840,FREE,,L0B,72,91,11,266
1841,FREE,,L0B,72,92,12,272
1842,FREE,,L1,24,93,15,338
1843,FREE,,L1,96,94,14,295
1844,FREE,,L1,24,95,16,344
1845,FREE,,L1,96,96,14,309
1846,FREE,,L1,144,97,3,287
1847,FREE,,L1,144,98,3,292
1848,FREE,,L1,144,99,3,299
1849,FREE,,L1,144,100,3,305
1850,FREE,,L0B,72,101,13,289
1851,FREE,,L0B,72,102,14,296
1852,FREE,,L0B,72,103,13,302
1853,FREE,,L0B,72,104,14,310
1854,FREE,,L1,24,105,17,374
1855,FREE,,L1,96,106,16,332
1856,FREE,,L1,24,107,18,380
1857,FREE,,L1,96,108,16,345
1858,FREE,,L1,144,109,3,325
1859,FREE,,L1,144,110,3,330
1860,FREE,,L1,144,111,3,336
1861,FREE,,L1,144,112,3,342
1862,FREE,,L0B,72,113,15,327
1863,FREE,,L0B,72,114,16,333
1864,FREE,,L0B,72,115,15,339
1865,FREE,,L0B,72,116,16,346
1866,FREE,,L1,6,117,19,410
1867,FREE,,L1,24,118,18,368
1868,FREE,,L1,6,119,20,416
1869,FREE,,L1,24,120,18,381
1870,FREE,,L1,144,121,3,361
1871,FREE,,L1,144,122,3,366
1872,FREE,,L1,144,123,3,372
1873,FREE,,L1,144,124,3,378
1874,FREE,,L0B,72,125,17,363
1875,FREE,,L0B,72,126,18,369
1876,FREE,,L0B,72,127,17,375
1877,FREE,,L0B,72,128,18,382
1878,FREE,,L1,1,129,21,673
1879,FREE,,L1,2,130,20,404
1880,FREE,,L1,1,131,22,679
1881,FREE,,L1,2,132,20,417
1882,FREE,,L1,192,133,3,397
1883,FREE,,L1,192,134,3,402
1884,FREE,,L1,192,135,3,408
1885,FREE,,L1,192,136,3,414
1886,FREE,,L0B,96,137,19,399
1887,FREE,,L0B,96,138,20,405
1888,FREE,,L0B,96,139,19,411
1889,FREE,,L0B,96,140,20,418
1890,FREE,,L1,2,141,23,449
1891,FREE,,L1,4,142,22,446
1892,FREE,,L1,2,143,23,462
1893,FREE,,L1,4,144,22,459
1894,FREE,,L1,2,145,23,475
1895,FREE,,L1,4,146,22,472
1896,FREE,,L1,32,147,3,439
1897,FREE,,L1,32,148,3,444
1898,FREE,,L1,32,149,3,452
1899,FREE,,L1,32,150,3,457
1900,FREE,,L1,32,151,3,465
1901,FREE,,L1,32,152,3,470
1902,FREE,,L0B,16,153,21,441
1903,FREE,,L0B,16,154,22,447
1904,FREE,,L0B,16,155,21,454
1905,FREE,,L0B,16,156,22,460
1906,FREE,,L0B,16,157,21,467
1907,FREE,,L0B,16,158,22,473
1908,FREE,,L1,1,159,24,1061
1909,FREE,,L1,2,160,22,509
1910,FREE,,L1,1,161,24,1083
1911,FREE,,L1,2,162,22,520
1912,FREE,,L1,1,163,24,1105
1913,FREE,,L1,2,164,22,531
1914,FREE,,L1,1,165,24,1130
1915,FREE,,L1,2,166,22,542
1916,FREE,,L1,16,167,3,502
1917,FREE,,L1,16,168,3,507
1918,FREE,,L1,16,169,3,513
1919,FREE,,L1,16,170,3,518
1920,FREE,,L1,16,171,3,524
1921,FREE,,L1,16,172,3,529
1922,FREE,,L1,16,173,3,535
1923,FREE,,L1,16,174,3,540
1924,FREE,,L0B,8,175,21,504
1925,FREE,,L0B,8,176,22,510
1926,FREE,,L0B,8,177,21,515
1927,FREE,,L0B,8,178,22,521
1928,FREE,,L0B,8,179,21,526
1929,FREE,,L0B,8,180,22,532
1930,FREE,,L0B,8,181,21,537
1931,FREE,,L0B,8,182,22,543
1932,FREE,,L1,1,183,31,1489
1933,FREE,,L1,2,184,22,577
1934,FREE,,L1,1,185,31,1511
1935,FREE,,L1,2,186,22,588
1936,FREE,,L1,1,187,31,1533
1937,FREE,,L1,2,188,22,599
1938,FREE,,L1,1,189,31,1558
1939,FREE,,L1,2,190,22,610
1940,FREE,,L1,16,191,3,570
1941,FREE,,L1,16,192,3,575
1942,FREE,,L1,16,193,3,581
1943,FREE,,L1,16,194,3,586
1944,FREE,,L1,16,195,3,592
1945,FREE,,L1,16,196,3,597
1946,FREE,,L1,16,197,3,603
1947,FREE,,L1,16,198,3,608
1948,FREE,,L0B,8,199,21,572
1949,FREE,,L0B,8,200,22,578
1950,FREE,,L0B,8,201,21,583
1951,FREE,,L0B,8,202,22,589
1952,FREE,,L0B,8,203,21,594
1953,FREE,,L0B,8,204,22,600
1954,FREE,,L0B,8,205,21,605
1955,FREE,,L0B,8,206,22,611
1956,FREE,,L1,1,207,42,1987
1957,FREE,,L1,2,208,22,645
1958,FREE,,L1,1,209,42,2009
1959,FREE,,L1,2,210,22,656
1960,FREE,,L1,1,211,42,2031
1961,FREE,,L1,2,212,22,667
1962,FREE,,L1,1,213,42,2056
1963,FREE,,L1,2,214,22,680
1964,FREE,,L1,16,215,3,638
1965,FREE,,L1,16,216,3,643
1966,FREE,,L1,16,217,3,649
1967,FREE,,L1,16,218,3,654
1968,FREE,,L1,16,219,3,660
1969,FREE,,L1,16,220,3,665
1970,FREE,,L1,16,221,3,671
1971,FREE,,L1,16,222,3,677
1972,FREE,,L0B,8,223,21,640
1973,FREE,,L0B,8,224,22,646
1974,FREE,,L0B,8,225,21,651
1975,FREE,,L0B,8,226,22,657
1976,FREE,,L0B,8,227,21,662
1977,FREE,,L0B,8,228,22,668
1978,FREE,,L0B,8,229,21,674
1979,FREE,,L0B,8,230,22,681
1980,FREE,,L1,96,231,13,857
1981,FREE,,L1,384,232,12,715
1982,FREE,,L1,96,233,14,863
1983,FREE,,L1,384,234,12,726
1984,FREE,,L1,96,235,15,869
1985,FREE,,L1,384,236,12,737
1986,FREE,,L1,96,237,16,875
1987,FREE,,L1,384,238,12,748
1988,FREE,,L1,144,239,3,708
1989,FREE,,L1,144,240,3,713
1990,FREE,,L1,144,241,3,719
1991,FREE,,L1,144,242,3,724
1992,FREE,,L1,144,243,3,730
1993,FREE,,L1,144,244,3,735
1994,FREE,,L1,144,245,3,741
1995,FREE,,L1,144,246,3,746
1996,FREE,,L0B,72,247,11,710
1997,FREE,,L0B,72,248,12,716
1998,FREE,,L0B,72,249,11,721
1999,FREE,,L0B,72,250,12,727
2000,FREE,,L0B,72,251,11,732
2001,FREE,,L0B,72,252,12,738
2002,FREE,,L0B,72,253,11,743
2003,FREE,,L0B,72,254,12,749
2004,FREE,,L1,96,255,17,1408
2005,FREE,,L1,384,256,16,809
2006,FREE,,L1,96,257,18,1414
2007,FREE,,L1,384,258,16,830
2008,FREE,,L1,96,259,19,1420
2009,FREE,,L1,384,260,16,851
2010,FREE,,L1,96,261,27,1426
2011,FREE,,L1,384,262,16,876
2012,FREE,,L1,144,263,3,792
2013,FREE,,L1,144,264,3,797
2014,FREE,,L1,144,265,3,802
2015,FREE,,L1,144,266,3,807
2016,FREE,,L1,144,267,3,813
2017,FREE,,L1,144,268,3,818
2018,FREE,,L1,144,269,3,823
2019,FREE,,L1,144,270,3,828
2020,FREE,,L1,144,271,3,834
2021,FREE,,L1,144,272,3,839
2022,FREE,,L1,144,273,3,844
2023,FREE,,L1,144,274,3,849
2024,FREE,,L1,144,275,3,855
2025,FREE,,L1,144,276,3,861
2026,FREE,,L1,144,277,3,867
2027,FREE,,L1,144,278,3,873
2028,FREE,,L0B,72,279,13,794
2029,FREE,,L0B,72,280,14,799
2030,FREE,,L0B,72,281,15,804
2031,FREE,,L0B,72,282,16,810
2032,FREE,,L0B,72,283,13,815
2033,FREE,,L0B,72,284,14,820
2034,FREE,,L0B,72,285,15,825
2035,FREE,,L0B,72,286,16,831
2036,FREE,,L0B,72,287,13,836
2037,FREE,,L0B,72,288,14,841
2038,FREE,,L0B,72,289,15,846
2039,FREE,,L0B,72,290,16,852
2040,FREE,,L0B,72,291,13,858
2041,FREE,,L0B,72,292,14,864
2042,FREE,,L0B,72,293,15,870
2043,FREE,,L0B,72,294,16,877
2044,FREE,,L1,24,295,21,1112
2045,FREE,,L1,96,296,20,937
2046,FREE,,L1,24,297,22,1118
2047,FREE,,L1,96,298,20,958
2048,FREE,,L1,24,299,23,1124
2049,FREE,,L1,96,300,20,979
2050,FREE,,L1,24,301,24,1131
2051,FREE,,L1,96,302,20,1000
2052,FREE,,L1,144,303,3,920
2053,FREE,,L1,144,304,3,925
2054,FREE,,L1,144,305,3,930
2055,FREE,,L1,144,306,3,935
2056,FREE,,L1,144,307,3,941
2057,FREE,,L1,144,308,3,946
2058,FREE,,L1,144,309,3,951
2059,FREE,,L1,144,310,3,956
2060,FREE,,L1,144,311,3,962
2061,FREE,,L1,144,312,3,967
2062,FREE,,L1,144,313,3,972
2063,FREE,,L1,144,314,3,977
2064,FREE,,L1,144,315,3,983
2065,FREE,,L1,144,316,3,988
2066,FREE,,L1,144,317,3,993
2067,FREE,,L1,144,318,3,998
2068,FREE,,L0B,72,319,17,922
2069,FREE,,L0B,72,320,18,927
2070,FREE,,L0B,72,321,19,932
2071,FREE,,L0B,72,322,20,938
2072,FREE,,L0B,72,323,17,943
2073,FREE,,L0B,72,324,18,948
2074,FREE,,L0B,72,325,19,953
2075,FREE,,L0B,72,326,20,959
2076,FREE,,L0B,72,327,17,964
2077,FREE,,L0B,72,328,18,969
2078,FREE,,L0B,72,329,19,974
2079,FREE,,L0B,72,330,20,980
2080,FREE,,L0B,72,331,17,985
2081,FREE,,L0B,72,332,18,990
2082,FREE,,L0B,72,333,19,995
2083,FREE,,L0B,72,334,20,1001
2084,FREE,,L1,48,335,25,1237
2085,FREE,,L1,96,336,24,1062
2086,FREE,,L1,48,337,25,1246
2087,FREE,,L1,96,338,24,1084
2088,FREE,,L1,48,339,25,1255
2089,FREE,,L1,96,340,24,1106
2090,FREE,,L1,48,341,25,1264
2091,FREE,,L1,96,342,24,1132
2092,FREE,,L1,144,343,3,1044
2093,FREE,,L1,144,344,3,1049
2094,FREE,,L1,144,345,3,1054
2095,FREE,,L1,144,346,3,1059
2096,FREE,,L1,144,347,3,1066
2097,FREE,,L1,144,348,3,1071
2098,FREE,,L1,144,349,3,1076
2099,FREE,,L1,144,350,3,1081
2100,FREE,,L1,144,351,3,1088
2101,FREE,,L1,144,352,3,1093
2102,FREE,,L1,144,353,3,1098
2103,FREE,,L1,144,354,3,1103
2104,FREE,,L1,144,355,3,1110
2105,FREE,,L1,144,356,3,1116
2106,FREE,,L1,144,357,3,1122
2107,FREE,,L1,144,358,3,1128
2108,FREE,,L0B,72,359,21,1046
2109,FREE,,L0B,72,360,22,1051
2110,FREE,,L0B,72,361,23,1056
2111,FREE,,L0B,72,362,24,1063
2112,FREE,,L0B,72,363,21,1068
2113,FREE,,L0B,72,364,22,1073
2114,FREE,,L0B,72,365,23,1078
2115,FREE,,L0B,72,366,24,1085
2116,FREE,,L0B,72,367,21,1090
2117,FREE,,L0B,72,368,22,1095
2118,FREE,,L0B,72,369,23,1100
2119,FREE,,L0B,72,370,24,1107
2120,FREE,,L0B,72,371,21,1113
2121,FREE,,L0B,72,372,22,1119
2122,FREE,,L0B,72,373,23,1125
2123,FREE,,L0B,72,374,24,1133
2124,FREE,,L1,48,375,26,1269
2125,FREE,,L1,64,376,3,1139
2126,FREE,,L0B,32,377,25,1141
2127,FREE,,L1,48,378,26,1277
2128,FREE,,L1,64,379,3,1147
2129,FREE,,L0B,32,380,25,1149
2130,FREE,,L1,48,381,26,1285
2131,FREE,,L1,64,382,3,1155
2132,FREE,,L0B,32,383,25,1157
2133,FREE,,L1,48,384,26,1293
2134,FREE,,L1,64,385,3,1163
2135,FREE,,L0B,32,386,25,1165
2136,FREE,,L1,48,387,26,1270
2137,FREE,,L1,64,388,3,1171
2138,FREE,,L0B,32,389,25,1173
2139,FREE,,L1,48,390,26,1278
2140,FREE,,L1,64,391,3,1179
2141,FREE,,L0B,32,392,25,1181
2142,FREE,,L1,48,393,26,1286
2143,FREE,,L1,64,394,3,1187
2144,FREE,,L0B,32,395,25,1189
2145,FREE,,L1,48,396,26,1294
2146,FREE,,L1,64,397,3,1195
2147,FREE,,L0B,32,398,25,1197
2148,FREE,,L1,48,399,26,1271
2149,FREE,,L1,64,400,3,1203
2150,FREE,,L0B,32,401,25,1205
2151,FREE,,L1,48,402,26,1279
2152,FREE,,L1,64,403,3,1211
2153,FREE,,L0B,32,404,25,1213
2154,FREE,,L1,48,405,26,1287
2155,FREE,,L1,64,406,3,1219
2156,FREE,,L0B,32,407,25,1221
2157,FREE,,L1,48,408,26,1295
2158,FREE,,L1,64,409,3,1227
2159,FREE,,L0B,32,410,25,1229
2160,FREE,,L1,48,411,26,1272
2161,FREE,,L1,64,412,3,1235
2162,FREE,,L0B,32,413,25,1238
2163,FREE,,L1,48,414,26,1280
2164,FREE,,L1,64,415,3,1244
2165,FREE,,L0B,32,416,25,1247
2166,FREE,,L1,48,417,26,1288
2167,FREE,,L1,64,418,3,1253
2168,FREE,,L0B,32,419,25,1256
2169,FREE,,L1,48,420,26,1296
2170,FREE,,L1,64,421,3,1262
2171,FREE,,L0B,32,422,25,1265
2172,FREE,,L1,192,423,27,1357
2173,FREE,,L1,192,424,26,1273
2174,FREE,,L1,192,425,27,1379
2175,FREE,,L1,192,426,26,1281
2176,FREE,,L1,192,427,27,1401
2177,FREE,,L1,192,428,26,1289
2178,FREE,,L1,192,429,27,1427
2179,FREE,,L1,192,430,26,1297
2180,FREE,,L1,96,431,28,1540
2181,FREE,,L1,384,432,27,1358
2182,FREE,,L1,96,433,29,1546
2183,FREE,,L1,384,434,27,1380
2184,FREE,,L1,96,435,30,1552
2185,FREE,,L1,384,436,27,1402
2186,FREE,,L1,96,437,31,1559
2187,FREE,,L1,384,438,27,1428
2188,FREE,,L1,144,439,3,1340
2189,FREE,,L1,144,440,3,1345
2190,FREE,,L1,144,441,3,1350
2191,FREE,,L1,144,442,3,1355
2192,FREE,,L1,144,443,3,1362
2193,FREE,,L1,144,444,3,1367
2194,FREE,,L1,144,445,3,1372
2195,FREE,,L1,144,446,3,1377
2196,FREE,,L1,144,447,3,1384
2197,FREE,,L1,144,448,3,1389
2198,FREE,,L1,144,449,3,1394
2199,FREE,,L1,144,450,3,1399
2200,FREE,,L1,144,451,3,1406
2201,FREE,,L1,144,452,3,1412
2202,FREE,,L1,144,453,3,1418
2203,FREE,,L1,144,454,3,1424
2204,FREE,,L0B,72,455,17,1342
2205,FREE,,L0B,72,456,18,1347
2206,FREE,,L0B,72,457,19,1352
2207,FREE,,L0B,72,458,27,1359
2208,FREE,,L0B,72,459,17,1364
2209,FREE,,L0B,72,460,18,1369
2210,FREE,,L0B,72,461,19,1374
2211,FREE,,L0B,72,462,27,1381
2212,FREE,,L0B,72,463,17,1386
2213,FREE,,L0B,72,464,18,1391
2214,FREE,,L0B,72,465,19,1396
2215,FREE,,L0B,72,466,27,1403
2216,FREE,,L0B,72,467,17,1409
2217,FREE,,L0B,72,468,18,1415
2218,FREE,,L0B,72,469,19,1421
2219,FREE,,L0B,72,470,27,1429
2220,FREE,,L1,192,471,32,1665
2221,FREE,,L1,384,472,31,1490
2222,FREE,,L1,192,473,32,1674
2223,FREE,,L1,384,474,31,1512
2224,FREE,,L1,192,475,32,1683
2225,FREE,,L1,384,476,31,1534
2226,FREE,,L1,192,477,32,1692
2227,FREE,,L1,384,478,31,1560
2228,FREE,,L1,144,479,3,1472
2229,FREE,,L1,144,480,3,1477
2230,FREE,,L1,144,481,3,1482
2231,FREE,,L1,144,482,3,1487
2232,FREE,,L1,144,483,3,1494
2233,FREE,,L1,144,484,3,1499
2234,FREE,,L1,144,485,3,1504
2235,FREE,,L1,144,486,3,1509
2236,FREE,,L1,144,487,3,1516
2237,FREE,,L1,144,488,3,1521
2238,FREE,,L1,144,489,3,1526
2239,FREE,,L1,144,490,3,1531
2240,FREE,,L1,144,491,3,1538
2241,FREE,,L1,144,492,3,1544
2242,FREE,,L1,144,493,3,1550
2243,FREE,,L1,144,494,3,1556
2244,FREE,,L0B,72,495,28,1474
2245,FREE,,L0B,72,496,29,1479
2246,FREE,,L0B,72,497,30,1484
2247,FREE,,L0B,72,498,31,1491
2248,FREE,,L0B,72,499,28,1496
2249,FREE,,L0B,72,500,29,1501
2250,FREE,,L0B,72,501,30,1506
2251,FREE,,L0B,72,502,31,1513
2252,FREE,,L0B,72,503,28,1518
2253,FREE,,L0B,72,504,29,1523
2254,FREE,,L0B,72,505,30,1528
2255,FREE,,L0B,72,506,31,1535
2256,FREE,,L0B,72,507,28,1541
2257,FREE,,L0B,72,508,29,1547
2258,FREE,,L0B,72,509,30,1553
2259,FREE,,L0B,72,510,31,1561
2260,FREE,,L1,192,511,33,1697
2261,FREE,,L1,64,512,3,1567
2262,FREE,,L0B,32,513,32,1569
2263,FREE,,L1,192,514,33,1705
2264,FREE,,L1,64,515,3,1575
2265,FREE,,L0B,32,516,32,1577
2266,FREE,,L1,192,517,33,1713
2267,FREE,,L1,64,518,3,1583
2268,FREE,,L0B,32,519,32,1585
2269,FREE,,L1,192,520,33,1721
2270,FREE,,L1,64,521,3,1591
2271,FREE,,L0B,32,522,32,1593
2272,FREE,,L1,192,523,33,1698
2273,FREE,,L1,64,524,3,1599
2274,FREE,,L0B,32,525,32,1601
2275,FREE,,L1,192,526,33,1706
2276,FREE,,L1,64,527,3,1607
2277,FREE,,L0B,32,528,32,1609
2278,FREE,,L1,192,529,33,1714
2279,FREE,,L1,64,530,3,1615
2280,FREE,,L0B,32,531,32,1617
2281,FREE,,L1,192,532,33,1722
2282,FREE,,L1,64,533,3,1623
2283,FREE,,L0B,32,534,32,1625
2284,FREE,,L1,192,535,33,1699
2285,FREE,,L1,64,536,3,1631
2286,FREE,,L0B,32,537,32,1633
2287,FREE,,L1,192,538,33,1707
2288,FREE,,L1,64,539,3,1639
2289,FREE,,L0B,32,540,32,1641
2290,FREE,,L1,192,541,33,1715
2291,FREE,,L1,64,542,3,1647
2292,FREE,,L0B,32,543,32,1649
2293,FREE,,L1,192,544,33,1723
2294,FREE,,L1,64,545,3,1655
2295,FREE,,L0B,32,546,32,1657
2296,FREE,,L1,192,547,33,1700
2297,FREE,,L1,64,548,3,1663
2298,FREE,,L0B,32,549,32,1666
2299,FREE,,L1,192,550,33,1708
2300,FREE,,L1,64,551,3,1672
2301,FREE,,L0B,32,552,32,1675
2302,FREE,,L1,192,553,33,1716
2303,FREE,,L1,64,554,3,1681
2304,FREE,,L0B,32,555,32,1684
2305,FREE,,L1,192,556,33,1724
2306,FREE,,L1,64,557,3,1690
2307,FREE,,L0B,32,558,32,1693
2308,FREE,,L1,768,559,34,1759
2309,FREE,,L1,768,560,33,1701
2310,FREE,,L1,768,561,34,1771
2311,FREE,,L1,768,562,33,1709
2312,FREE,,L1,768,563,34,1783
2313,FREE,,L1,768,564,33,1717
2314,FREE,,L1,768,565,34,1797
2315,FREE,,L1,768,566,33,1725
2316,FREE,,L1,384,567,35,1907
2317,FREE,,L1,1536,568,34,1760
2318,FREE,,L1,384,569,36,1913
2319,FREE,,L1,1536,570,34,1772
2320,FREE,,L1,384,571,37,1919
2321,FREE,,L1,1536,572,34,1784
2322,FREE,,L1,384,573,38,1925
2323,FREE,,L1,1536,574,34,1798
2324,FREE,,L1,144,575,3,1752
2325,FREE,,L1,144,576,3,1757
2326,FREE,,L1,144,577,3,1764
2327,FREE,,L1,144,578,3,1769
2328,FREE,,L1,144,579,3,1776
2329,FREE,,L1,144,580,3,1781
2330,FREE,,L1,144,581,3,1788
2331,FREE,,L1,144,582,3,1794
2332,FREE,,L0B,72,583,11,1754
2333,FREE,,L0B,72,584,34,1761
2334,FREE,,L0B,72,585,11,1766
2335,FREE,,L0B,72,586,34,1773
2336,FREE,,L0B,72,587,11,1778
2337,FREE,,L0B,72,588,34,1785
2338,FREE,,L0B,72,589,11,1791
2339,FREE,,L0B,72,590,34,1799
2340,FREE,,L1,384,591,39,2038
2341,FREE,,L1,1536,592,38,1859
2342,FREE,,L1,384,593,40,2044
2343,FREE,,L1,1536,594,38,1880
2344,FREE,,L1,384,595,41,2050
2345,FREE,,L1,1536,596,38,1901
2346,FREE,,L1,384,597,42,2057
2347,FREE,,L1,1536,598,38,1926
2348,FREE,,L1,144,599,3,1842
2349,FREE,,L1,144,600,3,1847
2350,FREE,,L1,144,601,3,1852
2351,FREE,,L1,144,602,3,1857
2352,FREE,,L1,144,603,3,1863
2353,FREE,,L1,144,604,3,1868
2354,FREE,,L1,144,605,3,1873
2355,FREE,,L1,144,606,3,1878
2356,FREE,,L1,144,607,3,1884
2357,FREE,,L1,144,608,3,1889
2358,FREE,,L1,144,609,3,1894
2359,FREE,,L1,144,610,3,1899
2360,FREE,,L1,144,611,3,1905
2361,FREE,,L1,144,612,3,1911
2362,FREE,,L1,144,613,3,1917
2363,FREE,,L1,144,614,3,1923
2364,FREE,,L0B,72,615,35,1844
2365,FREE,,L0B,72,616,36,1849
2366,FREE,,L0B,72,617,37,1854
2367,FREE,,L0B,72,618,38,1860
2368,FREE,,L0B,72,619,35,1865
2369,FREE,,L0B,72,620,36,1870
2370,FREE,,L0B,72,621,37,1875
2371,FREE,,L0B,72,622,38,1881
2372,FREE,,L0B,72,623,35,1886
2373,FREE,,L0B,72,624,36,1891
2374,FREE,,L0B,72,625,37,1896
2375,FREE,,L0B,72,626,38,1902
2376,FREE,,L0B,72,627,35,1908
2377,FREE,,L0B,72,628,36,1914
2378,FREE,,L0B,72,629,37,1920
2379,FREE,,L0B,72,630,38,1927
2380,FREE,,L1,384,631,43,2167
2381,FREE,,L1,1536,632,42,1988
2382,FREE,,L1,384,633,44,2173
2383,FREE,,L1,1536,634,42,2010
2384,FREE,,L1,384,635,45,2179
2385,FREE,,L1,1536,636,42,2032
2386,FREE,,L1,384,637,46,2185
2387,FREE,,L1,1536,638,42,2058
2388,FREE,,L1,144,639,3,1970
2389,FREE,,L1,144,640,3,1975
2390,FREE,,L1,144,641,3,1980
2391,FREE,,L1,144,642,3,1985
2392,FREE,,L1,144,643,3,1992
2393,FREE,,L1,144,644,3,1997
2394,FREE,,L1,144,645,3,2002
2395,FREE,,L1,144,646,3,2007
2396,FREE,,L1,144,647,3,2014
2397,FREE,,L1,144,648,3,2019
2398,FREE,,L1,144,649,3,2024
2399,FREE,,L1,144,650,3,2029
2400,FREE,,L1,144,651,3,2036
2401,FREE,,L1,144,652,3,2042
2402,FREE,,L1,144,653,3,2048
2403,FREE,,L1,144,654,3,2054
2404,FREE,,L0B,72,655,39,1972
2405,FREE,,L0B,72,656,40,1977
2406,FREE,,L0B,72,657,41,1982
2407,FREE,,L0B,72,658,42,1989
2408,FREE,,L0B,72,659,39,1994
2409,FREE,,L0B,72,660,40,1999
2410,FREE,,L0B,72,661,41,2004
2411,FREE,,L0B,72,662,42,2011
2412,FREE,,L0B,72,663,39,2016
2413,FREE,,L0B,72,664,40,2021
2414,FREE,,L0B,72,665,41,2026
2415,FREE,,L0B,72,666,42,2033
2416,FREE,,L0B,72,667,39,2039
2417,FREE,,L0B,72,668,40,2045
2418,FREE,,L0B,72,669,41,2051
2419,FREE,,L0B,72,670,42,2059
2420,FREE,,L1,768,671,47,2295
2421,FREE,,L1,1536,672,46,2119
2422,FREE,,L1,768,673,48,2301
2423,FREE,,L1,1536,674,46,2140
2424,FREE,,L1,768,675,49,2307
2425,FREE,,L1,1536,676,46,2161
2426,FREE,,L1,768,677,50,2313
2427,FREE,,L1,1536,678,46,2186
2428,FREE,,L1,144,679,3,2102
2429,FREE,,L1,144,680,3,2107
2430,FREE,,L1,144,681,3,2112
2431,FREE,,L1,144,682,3,2117
2432,FREE,,L1,144,683,3,2123
2433,FREE,,L1,144,684,3,2128
2434,FREE,,L1,144,685,3,2133
2435,FREE,,L1,144,686,3,2138
2436,FREE,,L1,144,687,3,2144
2437,FREE,,L1,144,688,3,2149
2438,FREE,,L1,144,689,3,2154
2439,FREE,,L1,144,690,3,2159
2440,FREE,,L1,144,691,3,2165
2441,FREE,,L1,144,692,3,2171
2442,FREE,,L1,144,693,3,2177
2443,FREE,,L1,144,694,3,2183
2444,FREE,,L0B,72,695,43,2104
2445,FREE,,L0B,72,696,44,2109
2446,FREE,,L0B,72,697,45,2114
2447,FREE,,L0B,72,698,46,2120
2448,FREE,,L0B,72,699,43,2125
2449,FREE,,L0B,72,700,44,2130
2450,FREE,,L0B,72,701,45,2135
2451,FREE,,L0B,72,702,46,2141
2452,FREE,,L0B,72,703,43,2146
2453,FREE,,L0B,72,704,44,2151
2454,FREE,,L0B,72,705,45,2156
2455,FREE,,L0B,72,706,46,2162
2456,FREE,,L0B,72,707,43,2168
2457,FREE,,L0B,72,708,44,2174
2458,FREE,,L0B,72,709,45,2180
2459,FREE,,L0B,72,710,46,2187
2460,FREE,,L1,768,711,51,2423
2461,FREE,,L1,1536,712,50,2247
2462,FREE,,L1,768,713,52,2429
2463,FREE,,L1,1536,714,50,2268
2464,FREE,,L1,768,715,53,2435
2465,FREE,,L1,1536,716,50,2289
2466,FREE,,L1,768,717,54,2441
2467,FREE,,L1,1536,718,50,2314
2468,FREE,,L1,144,719,3,2230
2469,FREE,,L1,144,720,3,2235
2470,FREE,,L1,144,721,3,2240
2471,FREE,,L1,144,722,3,2245
2472,FREE,,L1,144,723,3,2251
2473,FREE,,L1,144,724,3,2256
2474,FREE,,L1,144,725,3,2261
2475,FREE,,L1,144,726,3,2266
2476,FREE,,L1,144,727,3,2272
2477,FREE,,L1,144,728,3,2277
2478,FREE,,L1,144,729,3,2282
2479,FREE,,L1,144,730,3,2287
2480,FREE,,L1,144,731,3,2293
2481,FREE,,L1,144,732,3,2299
2482,FREE,,L1,144,733,3,2305
2483,FREE,,L1,144,734,3,2311
2484,FREE,,L0B,72,735,47,2232
2485,FREE,,L0B,72,736,48,2237
2486,FREE,,L0B,72,737,49,2242
2487,FREE,,L0B,72,738,50,2248
2488,FREE,,L0B,72,739,47,2253
2489,FREE,,L0B,72,740,48,2258
2490,FREE,,L0B,72,741,49,2263
2491,FREE,,L0B,72,742,50,2269
2492,FREE,,L0B,72,743,47,2274
2493,FREE,,L0B,72,744,48,2279
2494,FREE,,L0B,72,745,49,2284
2495,FREE,,L0B,72,746,50,2290
2496,FREE,,L0B,72,747,47,2296
2497,FREE,,L0B,72,748,48,2302
2498,FREE,,L0B,72,749,49,2308
2499,FREE,,L0B,72,750,50,2315
2500,FREE,,L1,768,751,55,2557
2501,FREE,,L1,1536,752,54,2375
2502,FREE,,L1,768,753,56,2563
2503,FREE,,L1,1536,754,54,2396
2504,FREE,,L1,768,755,57,2569
2505,FREE,,L1,1536,756,54,2417
2506,FREE,,L1,768,757,58,2575
2507,FREE,,L1,1536,758,54,2442
2508,FREE,,L1,144,759,3,2358
2509,FREE,,L1,144,760,3,2363
2510,FREE,,L1,144,761,3,2368
2511,FREE,,L1,144,762,3,2373
2512,FREE,,L1,144,763,3,2379
2513,FREE,,L1,144,764,3,2384
2514,FREE,,L1,144,765,3,2389
2515,FREE,,L1,144,766,3,2394
2516,FREE,,L1,144,767,3,2400
2517,FREE,,L1,144,768,3,2405
2518,FREE,,L1,144,769,3,2410
2519,FREE,,L1,144,770,3,2415
2520,FREE,,L1,144,771,3,2421
2521,FREE,,L1,144,772,3,2427
2522,FREE,,L1,144,773,3,2433
2523,FREE,,L1,144,774,3,2439
2524,FREE,,L0B,72,775,51,2360
2525,FREE,,L0B,72,776,52,2365
2526,FREE,,L0B,72,777,53,2370
2527,FREE,,L0B,72,778,54,2376
2528,FREE,,L0B,72,779,51,2381
2529,FREE,,L0B,72,780,52,2386
2530,FREE,,L0B,72,781,53,2391
2531,FREE,,L0B,72,782,54,2397
2532,FREE,,L0B,72,783,51,2402
2533,FREE,,L0B,72,784,52,2407
2534,FREE,,L0B,72,785,53,2412
2535,FREE,,L0B,72,786,54,2418
2536,FREE,,L0B,72,787,51,2424
2537,FREE,,L0B,72,788,52,2430
2538,FREE,,L0B,72,789,53,2436
2539,FREE,,L0B,72,790,54,2443
2540,FREE,,L1,768,791,59,2506
2541,FREE,,L1,1536,792,58,2503
2542,FREE,,L1,768,793,59,2529
2543,FREE,,L1,1536,794,58,2526
2544,FREE,,L1,768,795,59,2552
2545,FREE,,L1,1536,796,58,2549
2546,FREE,,L1,768,797,59,2579
2547,FREE,,L1,1536,798,58,2576
2548,FREE,,L1,144,799,3,2486
2549,FREE,,L1,144,800,3,2491
2550,FREE,,L1,144,801,3,2496
2551,FREE,,L1,144,802,3,2501
2552,FREE,,L1,144,803,3,2509
2553,FREE,,L1,144,804,3,2514
2554,FREE,,L1,144,805,3,2519
2555,FREE,,L1,144,806,3,2524
2556,FREE,,L1,144,807,3,2532
2557,FREE,,L1,144,808,3,2537
2558,FREE,,L1,144,809,3,2542
2559,FREE,,L1,144,810,3,2547
2560,FREE,,L1,144,811,3,2555
2561,FREE,,L1,144,812,3,2561
2562,FREE,,L1,144,813,3,2567
2563,FREE,,L1,144,814,3,2573
2564,FREE,,L0B,72,815,55,2488
2565,FREE,,L0B,72,816,56,2493
2566,FREE,,L0B,72,817,57,2498
2567,FREE,,L0B,72,818,58,2504
2568,FREE,,L0B,72,819,55,2511
2569,FREE,,L0B,72,820,56,2516
2570,FREE,,L0B,72,821,57,2521
2571,FREE,,L0B,72,822,58,2527
2572,FREE,,L0B,72,823,55,2534
2573,FREE,,L0B,72,824,56,2539
2574,FREE,,L0B,72,825,57,2544
2575,FREE,,L0B,72,826,58,2550
2576,FREE,,L0B,72,827,55,2558
2577,FREE,,L0B,72,828,56,2564
2578,FREE,,L0B,72,829,57,2570
2579,FREE,,L0B,72,830,58,2577
